[2025-11-05 05:53:47.787] I [OvenMediaEngine:1] Config | config_manager.cpp:233  | Trying to set logfile in directory... (/var/log/ovenmediaengine)
[2025-11-05 05:53:47.788] I [OvenMediaEngine:1] Config | config_manager.cpp:255  | Trying to load configurations... (origin_conf/Server.xml)
[2025-11-05 05:53:47.792] I [OvenMediaEngine:1] OvenMediaEngine | banner.cpp:23   | OvenMediaEngine v0.19.0 (v0.19.0) is started on [db4c217d0c5a] (Linux x86_64 - 6.8.0-87-generic, #88~22.04.1-Ubuntu SMP PREEMPT_DYNAMIC Tue Oct 14 14:03:14 UTC 2)
[2025-11-05 05:53:47.792] I [OvenMediaEngine:1] OvenMediaEngine | banner.cpp:27   | With modules:
[2025-11-05 05:53:47.792] I [OvenMediaEngine:1] OvenMediaEngine | banner.cpp:28   |   FFmpeg 5.1.4
[2025-11-05 05:53:47.792] I [OvenMediaEngine:1] OvenMediaEngine | banner.cpp:29   |     Configuration: --prefix=/opt/ovenmediaengine --extra-cflags='-I/opt/ovenmediaengine/include ' --extra-ldflags=' -L/opt/ovenmediaengine/lib -Wl,-rpath,/opt/ovenmediaengine/lib -Wl,--disable-new-dtags' --extra-libs=-ldl --enable-gpl --enable-nonfree --disable-everything --disable-programs --disable-avdevice --disable-dwt --disable-lsp --disable-faan --disable-pixelutils --enable-shared --enable-zlib --enable-libopus --enable-libvpx --enable-libfdk_aac --enable-libopenh264 --enable-openssl --enable-network --enable-libsrt --enable-dct --enable-rdft --enable-libwebp --disable-nvdec --disable-nvdec --disable-vaapi --disable-vdpau --disable-cuda-llvm --disable-cuvid --disable-ffnvcodec --enable-libx264 --enable-encoder='libvpx_vp8,libopus,libfdk_aac,libopenh264,mjpeg,png,libwebp,libx264' --enable-decoder='aac,aac_latm,aac_fixed,mp3float,mp3,h264,hevc,opus,vp8' --enable-parser='aac,aac_latm,aac_fixed,h264,hevc,opus,vp8' --enable-protocol='tcp,udp,rtp,file,rtmp,tls,rtmps,libsrt' --enable-demuxer='rtsp,flv,live_flv,mp4,mp3' --enable-muxer='mp4,webm,mpegts,flv,mpjpeg' --enable-filter='asetnsamples,aresample,aformat,channelmap,channelsplit,scale,transpose,fps,settb,asettb,crop,format'
[2025-11-05 05:53:47.792] I [OvenMediaEngine:1] OvenMediaEngine | banner.cpp:30   |     libavformat: 59.27.100
[2025-11-05 05:53:47.792] I [OvenMediaEngine:1] OvenMediaEngine | banner.cpp:31   |     libavcodec: 59.37.100
[2025-11-05 05:53:47.792] I [OvenMediaEngine:1] OvenMediaEngine | banner.cpp:32   |     libavutil: 57.28.100
[2025-11-05 05:53:47.792] I [OvenMediaEngine:1] OvenMediaEngine | banner.cpp:33   |     libavfilter: 8.44.100
[2025-11-05 05:53:47.792] I [OvenMediaEngine:1] OvenMediaEngine | banner.cpp:34   |     libswresample: 4.7.100
[2025-11-05 05:53:47.792] I [OvenMediaEngine:1] OvenMediaEngine | banner.cpp:35   |     libswscale: 6.7.100
[2025-11-05 05:53:47.792] I [OvenMediaEngine:1] OvenMediaEngine | banner.cpp:36   |   SRT: 1.5.2
[2025-11-05 05:53:47.792] I [OvenMediaEngine:1] OvenMediaEngine | banner.cpp:37   |   SRTP: libsrtp2 2.4.2
[2025-11-05 05:53:47.792] I [OvenMediaEngine:1] OvenMediaEngine | banner.cpp:38   |   OpenSSL: OpenSSL 3.0.7 1 Nov 2022
[2025-11-05 05:53:47.792] I [OvenMediaEngine:1] OvenMediaEngine | banner.cpp:39   |     Configuration: compiler: gcc -fPIC -pthread -m64 -Wa,--noexecstack -Wall -O3 -DOPENSSL_USE_NODELETE -DL_ENDIAN -DOPENSSL_PIC -DOPENSSL_BUILDING_OPENSSL -DNDEBUG
[2025-11-05 05:53:47.792] I [OvenMediaEngine:1] OvenMediaEngine | banner.cpp:40   |   JsonCpp: 1.9.3
[2025-11-05 05:53:47.792] I [OvenMediaEngine:1] OvenMediaEngine | banner.cpp:41   |   jemalloc: 5.3.0-0-g54eaed1d8b56b1aa528be3bdd1877e59c56fa90c
[2025-11-05 05:53:47.792] I [OvenMediaEngine:1] OvenMediaEngine | banner.cpp:42   |   spdlog: 1.15.1
[2025-11-05 05:53:47.792] I [OvenMediaEngine:1] OvenMediaEngine | main.cpp:73   | Server ID : 788eaae4-a301-431c-a58a-701ea6b5fbbf
[2025-11-05 05:53:48.110] I [OvenMediaEngine:1] OvenMediaEngine | main.cpp:91   | Resolved public IP address (36.81.157.137) from stun server (stun.ovenmediaengine.com:13478)
[2025-11-05 05:53:48.110] I [OvenMediaEngine:1] OvenMediaEngine | main.cpp:109  | This host supports IPv4 and IPv6
[2025-11-05 05:53:48.115] I [OvenMediaEngine:1] OvenMediaEngine | main.cpp:126  | Trying to create MediaRouter...
[2025-11-05 05:53:48.115] I [OvenMediaEngine:1] MediaRouter | mediarouter.cpp:40   | Mediarouter has been started.
[2025-11-05 05:53:48.115] I [OvenMediaEngine:1] OvenMediaEngine | main.cpp:129  | Trying to create WebRTC Publisher...
[2025-11-05 05:53:48.115] I [OvenMediaEngine:1] Signalling.P2P | rtc_p2p_manager.cpp:27   | P2P is disabled in the configuration
[2025-11-05 05:53:48.116] I [OvenMediaEngine:1] HTTP.Server | http_server_manager.cpp:319  | WebRTC Publisher is listening on *:3333 (TLS: *:3334)...
[2025-11-05 05:53:48.116] I [OvenMediaEngine:1] ICE | ice_port_manager.cpp:314  | ICE candidate found: 192.168.1.10:10000
[2025-11-05 05:53:48.116] I [OvenMediaEngine:1] ICE | ice_port_manager.cpp:314  | ICE candidate found: 192.168.1.10:10001
[2025-11-05 05:53:48.116] I [OvenMediaEngine:1] ICE | ice_port_manager.cpp:314  | ICE candidate found: 192.168.1.10:10002
[2025-11-05 05:53:48.116] I [OvenMediaEngine:1] ICE | ice_port_manager.cpp:314  | ICE candidate found: 192.168.1.10:10003
[2025-11-05 05:53:48.116] I [OvenMediaEngine:1] ICE | ice_port_manager.cpp:314  | ICE candidate found: 192.168.1.10:10004
[2025-11-05 05:53:48.117] I [OvenMediaEngine:1] ICE | ice_port.cpp:113  | ICE ports are listening on *:10004/UDP (0x7f9637f08690), *:10003/UDP (0x7f9637f08990), *:10002/UDP (0x7f9637f08c90), *:10001/UDP (0x7f9637f08f90), *:10000/UDP (0x7f9637f09290) (for WebRTC Publisher)
[2025-11-05 05:53:48.117] I [OvenMediaEngine:1] ICE | ice_port_manager.cpp:199  | TURN port is listening on *:3478/TCP (for WebRTC Publisher)
[2025-11-05 05:53:48.117] I [OvenMediaEngine:1] Publisher | publisher.cpp:19   | WebRTC Publisher has been started.
[2025-11-05 05:53:48.117] I [OvenMediaEngine:1] OvenMediaEngine | main.cpp:130  | Trying to create LLHLS Publisher...
[2025-11-05 05:53:48.118] I [OvenMediaEngine:1] HTTP.Server | http_server_manager.cpp:319  | LLHLS Publisher is listening on *:3333 (TLS: *:3334)...
[2025-11-05 05:53:48.118] I [OvenMediaEngine:1] Publisher | publisher.cpp:19   | LLHLS Publisher has been started.
[2025-11-05 05:53:48.118] I [OvenMediaEngine:1] OvenMediaEngine | main.cpp:131  | Trying to create OVT Publisher...
[2025-11-05 05:53:48.118] I [OvenMediaEngine:1] OVT | ovt_publisher.cpp:90   | OVTPublisher is listening on *:9000/TCP...
[2025-11-05 05:53:48.118] I [OvenMediaEngine:1] Publisher | publisher.cpp:19   | OVTPublisher has been started.
[2025-11-05 05:53:48.119] I [OvenMediaEngine:1] OvenMediaEngine | main.cpp:132  | Trying to create File Publisher...
[2025-11-05 05:53:48.119] I [OvenMediaEngine:1] Publisher | publisher.cpp:19   | FilePublisher has been started.
[2025-11-05 05:53:48.119] I [OvenMediaEngine:1] OvenMediaEngine | main.cpp:133  | Trying to create Push Publisher...
[2025-11-05 05:53:48.119] I [OvenMediaEngine:1] Publisher | publisher.cpp:19   | PushPublisher has been started.
[2025-11-05 05:53:48.119] I [OvenMediaEngine:1] OvenMediaEngine | main.cpp:134  | Trying to create Thumbnail Publisher...
[2025-11-05 05:53:48.119] W [OvenMediaEngine:1] Thumbnail | thumbnail_publisher.cpp:79   | ThumbnailPublisher is disabled by configuration
[2025-11-05 05:53:48.119] I [OvenMediaEngine:1] OvenMediaEngine | main.cpp:135  | Trying to create HLS Publisher...
[2025-11-05 05:53:48.120] W [OvenMediaEngine:1] HLS Publisher | hls_publisher.cpp:78   | HLSv3 Publisher is disabled by configuration
[2025-11-05 05:53:48.120] I [OvenMediaEngine:1] OvenMediaEngine | main.cpp:136  | Trying to create SRT Publisher...
[2025-11-05 05:53:48.120] W [OvenMediaEngine:1] SRTPublisher | srt_publisher.cpp:43   | SRTPublisher is disabled by configuration
[2025-11-05 05:53:48.120] I [OvenMediaEngine:1] OvenMediaEngine | main.cpp:139  | Trying to create Transcoder...
[2025-11-05 05:53:48.120] I [OvenMediaEngine:1] Transcoder | transcoder_gpu.cpp:94   | Trying to release Transcoder GPU resources
[2025-11-05 05:53:48.120] I [OvenMediaEngine:1] Transcoder | transcoder_gpu.cpp:45   | Trying to check available hardware accelerators
[2025-11-05 05:53:48.120] W [OvenMediaEngine:1] Transcoder | transcoder_gpu.cpp:54   | No supported NVIDIA accelerator
[2025-11-05 05:53:48.120] W [OvenMediaEngine:1] Transcoder | transcoder_gpu.cpp:64   | No supported Xilinx Media accelerator
[2025-11-05 05:53:48.120] W [OvenMediaEngine:1] Transcoder | transcoder_gpu.cpp:74   | No supported Intel QuickSync accelerator
[2025-11-05 05:53:48.120] W [OvenMediaEngine:1] Transcoder | transcoder_gpu.cpp:84   | No supported Netint VPU accelerator
[2025-11-05 05:53:48.120] I [OvenMediaEngine:1] OvenMediaEngine | main.cpp:142  | Trying to create WebRTC Provider...
[2025-11-05 05:53:48.120] I [OvenMediaEngine:1] Signalling.P2P | rtc_p2p_manager.cpp:27   | P2P is disabled in the configuration
[2025-11-05 05:53:48.120] I [OvenMediaEngine:1] HTTP.Server | http_server_manager.cpp:319  | WebRTCProvider is listening on *:3333 (TLS: *:3334)...
[2025-11-05 05:53:48.120] I [OvenMediaEngine:1] HTTP.Server | http_server_manager.cpp:319  | WebRTCProvider is listening on *:3333 (TLS: *:3334)...
[2025-11-05 05:53:48.120] I [OvenMediaEngine:1] ICE | ice_port_manager.cpp:314  | ICE candidate found: 192.168.1.10:10000
[2025-11-05 05:53:48.120] I [OvenMediaEngine:1] ICE | ice_port_manager.cpp:314  | ICE candidate found: 192.168.1.10:10001
[2025-11-05 05:53:48.121] I [OvenMediaEngine:1] ICE | ice_port_manager.cpp:314  | ICE candidate found: 192.168.1.10:10002
[2025-11-05 05:53:48.121] I [OvenMediaEngine:1] ICE | ice_port_manager.cpp:314  | ICE candidate found: 192.168.1.10:10003
[2025-11-05 05:53:48.121] I [OvenMediaEngine:1] ICE | ice_port_manager.cpp:314  | ICE candidate found: 192.168.1.10:10004
[2025-11-05 05:53:48.121] I [OvenMediaEngine:1] ICE | ice_port.cpp:113  | ICE ports are listening on *:10004/UDP (0x7f9637f08690), *:10003/UDP (0x7f9637f08990), *:10002/UDP (0x7f9637f08c90), *:10001/UDP (0x7f9637f08f90), *:10000/UDP (0x7f9637f09290) (for WebRTCProvider)
[2025-11-05 05:53:48.121] I [OvenMediaEngine:1] ICE | ice_port_manager.cpp:199  | TURN port is listening on *:3478/TCP (for WebRTCProvider)
[2025-11-05 05:53:48.123] I [OvenMediaEngine:1] Provider | provider.cpp:37   | WebRTCProvider has been started.
[2025-11-05 05:53:48.123] I [OvenMediaEngine:1] OvenMediaEngine | main.cpp:143  | Trying to create MPEG-TS Provider...
[2025-11-05 05:53:48.123] W [OvenMediaEngine:1] MpegtsProvider | mpegts_provider.cpp:147  | MPEGTSProvider is disabled by configuration
[2025-11-05 05:53:48.123] I [OvenMediaEngine:1] MpegtsProvider | mpegts_provider.cpp:39   | Terminated Mpegts Provider module.
[2025-11-05 05:53:48.123] I [OvenMediaEngine:1] OvenMediaEngine | main.cpp:144  | Trying to create SRT Provider...
[2025-11-05 05:53:48.124] I [OvenMediaEngine:1] SrtProvider | srt_provider.cpp:110  | SrtProvider is listening on *:9999/SRT
[2025-11-05 05:53:48.124] I [OvenMediaEngine:1] Provider | provider.cpp:37   | SrtProvider has been started.
[2025-11-05 05:53:48.124] I [OvenMediaEngine:1] OvenMediaEngine | main.cpp:145  | Trying to create RTMP Provider...
[2025-11-05 05:53:48.125] I [OvenMediaEngine:1] RTMPProvider | rtmp_provider.cpp:151  | RTMPProvider is listening on *:1935
[2025-11-05 05:53:48.125] I [OvenMediaEngine:1] Provider | provider.cpp:37   | RTMPProvider has been started.
[2025-11-05 05:53:48.125] I [OvenMediaEngine:1] OvenMediaEngine | main.cpp:146  | Trying to create OVT Provider...
[2025-11-05 05:53:48.125] I [OvenMediaEngine:1] Provider | provider.cpp:37   | OVTProvider has been started.
[2025-11-05 05:53:48.125] I [OvenMediaEngine:1] OvenMediaEngine | main.cpp:147  | Trying to create RTSPC Provider...
[2025-11-05 05:53:48.126] I [OvenMediaEngine:1] Provider | provider.cpp:37   | RTSPCProvider has been started.
[2025-11-05 05:53:48.126] I [OvenMediaEngine:1] OvenMediaEngine | main.cpp:148  | Trying to create File Provider...
[2025-11-05 05:53:48.126] I [OvenMediaEngine:1] Provider | provider.cpp:37   | FileProvider has been started.
[2025-11-05 05:53:48.126] I [OvenMediaEngine:1] OvenMediaEngine | main.cpp:149  | Trying to create Scheduled Provider...
[2025-11-05 05:53:48.126] I [OvenMediaEngine:1] Provider | provider.cpp:37   | ScheduledProvider has been started.
[2025-11-05 05:53:48.126] I [OvenMediaEngine:1] OvenMediaEngine | main.cpp:150  | Trying to create Multiplex Provider...
[2025-11-05 05:53:48.127] I [OvenMediaEngine:1] Provider | provider.cpp:37   | MultiplexProvider has been started.
[2025-11-05 05:53:48.127] I [OvenMediaEngine:1] OvenMediaEngine | main.cpp:157  | All modules are initialized successfully
[2025-11-05 05:53:48.127] I [OvenMediaEngine:1] Monitor | monitoring.cpp:94   | OvenMediaEngine(788eaae4-a301-431c-a58a-701ea6b5fbbf) ServerMetric has been started for monitoring - 2025-11-05T05:53:48.127+00:00
[2025-11-05 05:53:48.127] E [OvenMediaEngine:1] Certificate | certificate.cpp:47   | Failed to create a certificate for VirtualHost [default]:
	Reason: [default] Could not create a certificate from file - [OpenSSL] error:16000069:STORE routines::unregistered scheme (369098857)
	Cert file path: origin_conf/./cert.crt
	Chain cert file path: origin_conf/./cert.ca-bundle
	Private key file path: origin_conf/./cert.key
[2025-11-05 05:53:48.127] I [OvenMediaEngine:1] Monitor | server_metrics.cpp:61   | Create HostMetrics(default/788eaae4-a301-431c-a58a-701ea6b5fbbf/#default#) for monitoring
[2025-11-05 05:53:48.127] I [OvenMediaEngine:1] Orchestrator | orchestrator.cpp:1302 | Trying to create an application: [#default#app]
[2025-11-05 05:53:48.128] I [OvenMediaEngine:1] Monitor | host_metrics.cpp:58   | Create ApplicationMetrics(#default#app/788eaae4-a301-431c-a58a-701ea6b5fbbf/#default#app) for monitoring
[2025-11-05 05:53:48.128] I [OvenMediaEngine:1] MediaRouter | mediarouter_application.cpp:52   | [#default#app(0)] Created Mediarouter application. Worker(1) DelayBufferTime(0)
[2025-11-05 05:53:48.128] I [OvenMediaEngine:1] MediaRouter | mediarouter.cpp:83   | Created Mediarouter. app(#default#app)
[2025-11-05 05:53:48.128] I [OvenMediaEngine:1] Publisher | application.cpp:226  | WebRTC Publisher Application has created [#default#app] application
[2025-11-05 05:53:48.129] I [OvenMediaEngine:1] Publisher | application.cpp:226  | LLHLS Publisher Application has created [#default#app] application
[2025-11-05 05:53:48.129] I [OvenMediaEngine:1] Publisher | application.cpp:226  | OVTPublisher Application has created [#default#app] application
[2025-11-05 05:53:48.129] W [OvenMediaEngine:1] Publisher | publisher.cpp:68   | File publisher is disabled in #default#app application, so it was not created
[2025-11-05 05:53:48.129] W [OvenMediaEngine:1] Publisher | publisher.cpp:68   | Push publisher is disabled in #default#app application, so it was not created
[2025-11-05 05:53:48.129] I [OvenMediaEngine:1] Transcoder | transcoder_application.cpp:34   | Created transcoder application. [#default#app]
[2025-11-05 05:53:48.129] I [OvenMediaEngine:1] Transcoder | transcoder.cpp:97   | Transcoder has created [config][#default#app] application
[2025-11-05 05:53:48.129] I [OvenMediaEngine:1] Provider | application.cpp:46   | WebRTCProvider has created [#default#app] application
[2025-11-05 05:53:48.129] I [OvenMediaEngine:1] Provider | application.cpp:46   | SrtProvider has created [#default#app] application
[2025-11-05 05:53:48.130] I [OvenMediaEngine:1] Provider | application.cpp:46   | RTMPProvider has created [#default#app] application
[2025-11-05 05:53:48.130] I [OvenMediaEngine:1] Provider | application.cpp:46   | OVTProvider has created [#default#app] application
[2025-11-05 05:53:48.130] I [OvenMediaEngine:1] Provider | application.cpp:46   | RTSPCProvider has created [#default#app] application
[2025-11-05 05:53:48.130] I [OvenMediaEngine:1] Provider | application.cpp:46   | ScheduledProvider has created [#default#app] application
[2025-11-05 05:53:48.130] W [OvenMediaEngine:1] Provider | provider.cpp:91   | Multiplex provider is disabled in #default#app application, so it was not created
[2025-11-05 05:53:48.130] I [OvenMediaEngine:1] APIServer | api_server.cpp:123  | API Server is disabled by configuration
[2025-11-05 05:55:05.933] W [OvenMediaEngine:1] OvenMediaEngine | signals.cpp:343  | Caught terminate signal 15. OME is terminating...
[2025-11-05 05:55:05.934] I [OvenMediaEngine:1] Monitor | server_metrics.cpp:80   | Delete HostMetrics(default/788eaae4-a301-431c-a58a-701ea6b5fbbf/#default#) for monitoring
[2025-11-05 05:55:05.934] I [OvenMediaEngine:1] Orchestrator | orchestrator.cpp:277  | Trying to delete an application: [#default#app] (0)
[2025-11-05 05:55:05.934] I [OvenMediaEngine:1] MediaRouter | mediarouter_application.cpp:243  | Unregistered observer. app(#default#app) type(3)
[2025-11-05 05:55:05.934] I [OvenMediaEngine:1] MediaRouter | mediarouter_application.cpp:205  | Unregistered connector. app(#default#app) type(0)
[2025-11-05 05:55:05.934] I [OvenMediaEngine:1] Provider | application.cpp:61   | ScheduledProvider has deleted [#default#app] application
[2025-11-05 05:55:05.934] I [OvenMediaEngine:1] MediaRouter | mediarouter_application.cpp:205  | Unregistered connector. app(#default#app) type(0)
[2025-11-05 05:55:05.997] I [OvenMediaEngine:1] Provider | application.cpp:61   | RTSPCProvider has deleted [#default#app] application
[2025-11-05 05:55:05.997] I [OvenMediaEngine:1] MediaRouter | mediarouter_application.cpp:205  | Unregistered connector. app(#default#app) type(0)
[2025-11-05 05:55:06.097] I [OvenMediaEngine:1] Provider | application.cpp:61   | OVTProvider has deleted [#default#app] application
[2025-11-05 05:55:06.098] I [OvenMediaEngine:1] MediaRouter | mediarouter_application.cpp:205  | Unregistered connector. app(#default#app) type(0)
[2025-11-05 05:55:06.098] I [OvenMediaEngine:1] Provider | application.cpp:61   | RTMPProvider has deleted [#default#app] application
[2025-11-05 05:55:06.098] I [OvenMediaEngine:1] MediaRouter | mediarouter_application.cpp:205  | Unregistered connector. app(#default#app) type(0)
[2025-11-05 05:55:06.098] I [OvenMediaEngine:1] Provider | application.cpp:61   | SrtProvider has deleted [#default#app] application
[2025-11-05 05:55:06.098] I [OvenMediaEngine:1] MediaRouter | mediarouter_application.cpp:205  | Unregistered connector. app(#default#app) type(0)
[2025-11-05 05:55:06.098] I [OvenMediaEngine:1] Provider | application.cpp:61   | WebRTCProvider has deleted [#default#app] application
[2025-11-05 05:55:06.098] I [OvenMediaEngine:1] MediaRouter | mediarouter_application.cpp:243  | Unregistered observer. app(#default#app) type(1)
[2025-11-05 05:55:06.098] I [OvenMediaEngine:1] MediaRouter | mediarouter_application.cpp:205  | Unregistered connector. app(#default#app) type(1)
[2025-11-05 05:55:06.098] I [OvenMediaEngine:1] Transcoder | transcoder.cpp:133  | Transcoder has deleted [config][#default#app] application
[2025-11-05 05:55:06.098] I [OvenMediaEngine:1] Transcoder | transcoder_application.cpp:39   | Transcoder application has been destroyed. [#default#app]
[2025-11-05 05:55:06.098] I [OvenMediaEngine:1] Publisher | application.cpp:245  | OVTPublisher Application has deleted [#default#app] application
[2025-11-05 05:55:06.098] I [OvenMediaEngine:1] MediaRouter | mediarouter_application.cpp:243  | Unregistered observer. app(#default#app) type(0)
[2025-11-05 05:55:06.098] I [OvenMediaEngine:1] Publisher | application.cpp:245  | OVTPublisher Application has deleted [#default#app] application
[2025-11-05 05:55:06.098] I [OvenMediaEngine:1] Publisher | application.cpp:245  | OVTPublisher Application has deleted [#default#app] application
[2025-11-05 05:55:06.098] I [OvenMediaEngine:1] Publisher | application.cpp:245  | LLHLS Publisher Application has deleted [#default#app] application
[2025-11-05 05:55:06.098] I [OvenMediaEngine:1] MediaRouter | mediarouter_application.cpp:243  | Unregistered observer. app(#default#app) type(0)
[2025-11-05 05:55:06.098] I [OvenMediaEngine:1] Publisher | application.cpp:245  | LLHLS Publisher Application has deleted [#default#app] application
[2025-11-05 05:55:06.098] I [OvenMediaEngine:1] Publisher | application.cpp:245  | LLHLS Publisher Application has deleted [#default#app] application
[2025-11-05 05:55:06.099] I [OvenMediaEngine:1] Publisher | application.cpp:245  | WebRTC Publisher Application has deleted [#default#app] application
[2025-11-05 05:55:06.099] I [OvenMediaEngine:1] MediaRouter | mediarouter_application.cpp:243  | Unregistered observer. app(#default#app) type(0)
[2025-11-05 05:55:06.099] I [OvenMediaEngine:1] Publisher | application.cpp:245  | WebRTC Publisher Application has deleted [#default#app] application
[2025-11-05 05:55:06.099] I [OvenMediaEngine:1] Publisher | application.cpp:245  | WebRTC Publisher Application has deleted [#default#app] application
[2025-11-05 05:55:06.099] I [OvenMediaEngine:1] MediaRouter | mediarouter_application.cpp:73   | [#default#app(0)] Destroyed Mediarouter application. worker(1)
[2025-11-05 05:55:06.099] I [OvenMediaEngine:1] MediaRouter | mediarouter.cpp:101  | Mediarouter has been destroyed. app(#default#app)
[2025-11-05 05:55:06.099] I [OvenMediaEngine:1] OvenMediaEngine | main.cpp:179  | Trying to release WebRTC Provider...
[2025-11-05 05:55:06.290] I [OvenMediaEngine:1] Provider | provider.cpp:61   | WebRTCProvider has been stopped.
[2025-11-05 05:55:06.290] I [OvenMediaEngine:1] OvenMediaEngine | main.cpp:181  | Trying to release SRT Provider...
[2025-11-05 05:55:06.391] I [OvenMediaEngine:1] Provider | provider.cpp:61   | SrtProvider has been stopped.
[2025-11-05 05:55:06.391] I [OvenMediaEngine:1] OvenMediaEngine | main.cpp:182  | Trying to release RTMP Provider...
[2025-11-05 05:55:06.489] I [OvenMediaEngine:1] Provider | provider.cpp:61   | RTMPProvider has been stopped.
[2025-11-05 05:55:06.489] I [OvenMediaEngine:1] OvenMediaEngine | main.cpp:183  | Trying to release OVT Provider...
[2025-11-05 05:55:06.489] I [OvenMediaEngine:1] Provider | provider.cpp:61   | OVTProvider has been stopped.
[2025-11-05 05:55:06.489] I [OvenMediaEngine:1] OvenMediaEngine | main.cpp:184  | Trying to release RTSPC Provider...
[2025-11-05 05:55:06.489] I [OvenMediaEngine:1] Provider | provider.cpp:61   | RTSPCProvider has been stopped.
[2025-11-05 05:55:06.489] I [OvenMediaEngine:1] OvenMediaEngine | main.cpp:185  | Trying to release File Provider...
[2025-11-05 05:55:06.489] I [OvenMediaEngine:1] Provider | provider.cpp:61   | FileProvider has been stopped.
[2025-11-05 05:55:06.490] I [OvenMediaEngine:1] OvenMediaEngine | main.cpp:186  | Trying to release Scheduled Provider...
[2025-11-05 05:55:06.490] I [OvenMediaEngine:1] Provider | provider.cpp:61   | ScheduledProvider has been stopped.
[2025-11-05 05:55:06.490] I [OvenMediaEngine:1] OvenMediaEngine | main.cpp:187  | Trying to release Multiplex Provider...
[2025-11-05 05:55:06.490] I [OvenMediaEngine:1] Provider | provider.cpp:61   | MultiplexProvider has been stopped.
[2025-11-05 05:55:06.490] I [OvenMediaEngine:1] OvenMediaEngine | main.cpp:191  | Trying to release Transcoder...
[2025-11-05 05:55:06.490] I [OvenMediaEngine:1] Transcoder | transcoder_gpu.cpp:94   | Trying to release Transcoder GPU resources
[2025-11-05 05:55:06.490] I [OvenMediaEngine:1] OvenMediaEngine | main.cpp:193  | Trying to release WebRTC Publisher...
[2025-11-05 05:55:06.490] I [OvenMediaEngine:1] Publisher | publisher.cpp:42   | WebRTC Publisher has been stopped.
[2025-11-05 05:55:06.490] I [OvenMediaEngine:1] OvenMediaEngine | main.cpp:194  | Trying to release LLHLS Publisher...
[2025-11-05 05:55:06.490] I [OvenMediaEngine:1] Publisher | publisher.cpp:42   | LLHLS Publisher has been stopped.
[2025-11-05 05:55:06.490] I [OvenMediaEngine:1] OvenMediaEngine | main.cpp:195  | Trying to release OVT Publisher...
[2025-11-05 05:55:06.525] I [OvenMediaEngine:1] Publisher | publisher.cpp:42   | OVTPublisher has been stopped.
[2025-11-05 05:55:06.525] I [OvenMediaEngine:1] OvenMediaEngine | main.cpp:196  | Trying to release File Publisher...
[2025-11-05 05:55:06.525] I [OvenMediaEngine:1] Publisher | publisher.cpp:42   | FilePublisher has been stopped.
[2025-11-05 05:55:06.525] I [OvenMediaEngine:1] OvenMediaEngine | main.cpp:197  | Trying to release Push Publisher...
[2025-11-05 05:55:06.525] I [OvenMediaEngine:1] Publisher | publisher.cpp:42   | PushPublisher has been stopped.
[2025-11-05 05:55:06.525] I [OvenMediaEngine:1] OvenMediaEngine | main.cpp:202  | Trying to release MediaRouter...
[2025-11-05 05:55:06.525] I [OvenMediaEngine:1] MediaRouter | mediarouter.cpp:49   | Mediarouter has been stopped.
[2025-11-05 05:55:06.525] I [OvenMediaEngine:1] OvenMediaEngine | main.cpp:359  | Uninitializing TCP socket pool...
[2025-11-05 05:55:06.525] I [OvenMediaEngine:1] OvenMediaEngine | main.cpp:361  | Uninitializing UDP socket pool...
[2025-11-05 05:55:06.611] I [OvenMediaEngine:1] OvenMediaEngine | main.cpp:364  | OvenMediaEngine will be terminated
[2025-11-05 05:55:06.611] I [OvenMediaEngine:1] Provider | provider.cpp:61   | FileProvider has been stopped.
[2025-11-05 05:55:06.611] I [OvenMediaEngine:1] Provider | provider.cpp:61   | RTSPCProvider has been stopped.
[2025-11-05 05:55:06.611] I [OvenMediaEngine:1] Provider | provider.cpp:61   | OVTProvider has been stopped.
[2025-11-05 05:55:06.612] I [OvenMediaEngine:1] RTMPProvider | rtmp_provider.cpp:72   | Terminated Rtmp Provider module.
[2025-11-05 05:55:06.612] I [OvenMediaEngine:1] SrtProvider | srt_provider.cpp:40   | Terminated SRT Provider module.
[2025-11-05 05:55:07.590] I [OvenMediaEngine:1] Config | config_manager.cpp:233  | Trying to set logfile in directory... (/var/log/ovenmediaengine)
[2025-11-05 05:55:07.590] I [OvenMediaEngine:1] Config | config_manager.cpp:255  | Trying to load configurations... (origin_conf/Server.xml)
[2025-11-05 05:55:07.595] I [OvenMediaEngine:1] OvenMediaEngine | banner.cpp:23   | OvenMediaEngine v0.19.0 (v0.19.0) is started on [db4c217d0c5a] (Linux x86_64 - 6.8.0-87-generic, #88~22.04.1-Ubuntu SMP PREEMPT_DYNAMIC Tue Oct 14 14:03:14 UTC 2)
[2025-11-05 05:55:07.595] I [OvenMediaEngine:1] OvenMediaEngine | banner.cpp:27   | With modules:
[2025-11-05 05:55:07.595] I [OvenMediaEngine:1] OvenMediaEngine | banner.cpp:28   |   FFmpeg 5.1.4
[2025-11-05 05:55:07.595] I [OvenMediaEngine:1] OvenMediaEngine | banner.cpp:29   |     Configuration: --prefix=/opt/ovenmediaengine --extra-cflags='-I/opt/ovenmediaengine/include ' --extra-ldflags=' -L/opt/ovenmediaengine/lib -Wl,-rpath,/opt/ovenmediaengine/lib -Wl,--disable-new-dtags' --extra-libs=-ldl --enable-gpl --enable-nonfree --disable-everything --disable-programs --disable-avdevice --disable-dwt --disable-lsp --disable-faan --disable-pixelutils --enable-shared --enable-zlib --enable-libopus --enable-libvpx --enable-libfdk_aac --enable-libopenh264 --enable-openssl --enable-network --enable-libsrt --enable-dct --enable-rdft --enable-libwebp --disable-nvdec --disable-nvdec --disable-vaapi --disable-vdpau --disable-cuda-llvm --disable-cuvid --disable-ffnvcodec --enable-libx264 --enable-encoder='libvpx_vp8,libopus,libfdk_aac,libopenh264,mjpeg,png,libwebp,libx264' --enable-decoder='aac,aac_latm,aac_fixed,mp3float,mp3,h264,hevc,opus,vp8' --enable-parser='aac,aac_latm,aac_fixed,h264,hevc,opus,vp8' --enable-protocol='tcp,udp,rtp,file,rtmp,tls,rtmps,libsrt' --enable-demuxer='rtsp,flv,live_flv,mp4,mp3' --enable-muxer='mp4,webm,mpegts,flv,mpjpeg' --enable-filter='asetnsamples,aresample,aformat,channelmap,channelsplit,scale,transpose,fps,settb,asettb,crop,format'
[2025-11-05 05:55:07.595] I [OvenMediaEngine:1] OvenMediaEngine | banner.cpp:30   |     libavformat: 59.27.100
[2025-11-05 05:55:07.595] I [OvenMediaEngine:1] OvenMediaEngine | banner.cpp:31   |     libavcodec: 59.37.100
[2025-11-05 05:55:07.595] I [OvenMediaEngine:1] OvenMediaEngine | banner.cpp:32   |     libavutil: 57.28.100
[2025-11-05 05:55:07.595] I [OvenMediaEngine:1] OvenMediaEngine | banner.cpp:33   |     libavfilter: 8.44.100
[2025-11-05 05:55:07.595] I [OvenMediaEngine:1] OvenMediaEngine | banner.cpp:34   |     libswresample: 4.7.100
[2025-11-05 05:55:07.595] I [OvenMediaEngine:1] OvenMediaEngine | banner.cpp:35   |     libswscale: 6.7.100
[2025-11-05 05:55:07.595] I [OvenMediaEngine:1] OvenMediaEngine | banner.cpp:36   |   SRT: 1.5.2
[2025-11-05 05:55:07.595] I [OvenMediaEngine:1] OvenMediaEngine | banner.cpp:37   |   SRTP: libsrtp2 2.4.2
[2025-11-05 05:55:07.595] I [OvenMediaEngine:1] OvenMediaEngine | banner.cpp:38   |   OpenSSL: OpenSSL 3.0.7 1 Nov 2022
[2025-11-05 05:55:07.595] I [OvenMediaEngine:1] OvenMediaEngine | banner.cpp:39   |     Configuration: compiler: gcc -fPIC -pthread -m64 -Wa,--noexecstack -Wall -O3 -DOPENSSL_USE_NODELETE -DL_ENDIAN -DOPENSSL_PIC -DOPENSSL_BUILDING_OPENSSL -DNDEBUG
[2025-11-05 05:55:07.595] I [OvenMediaEngine:1] OvenMediaEngine | banner.cpp:40   |   JsonCpp: 1.9.3
[2025-11-05 05:55:07.595] I [OvenMediaEngine:1] OvenMediaEngine | banner.cpp:41   |   jemalloc: 5.3.0-0-g54eaed1d8b56b1aa528be3bdd1877e59c56fa90c
[2025-11-05 05:55:07.595] I [OvenMediaEngine:1] OvenMediaEngine | banner.cpp:42   |   spdlog: 1.15.1
[2025-11-05 05:55:07.595] I [OvenMediaEngine:1] OvenMediaEngine | main.cpp:73   | Server ID : 788eaae4-a301-431c-a58a-701ea6b5fbbf
[2025-11-05 05:55:08.130] I [OvenMediaEngine:1] OvenMediaEngine | main.cpp:91   | Resolved public IP address (36.81.157.137) from stun server (stun.ovenmediaengine.com:13478)
[2025-11-05 05:55:08.130] I [OvenMediaEngine:1] OvenMediaEngine | main.cpp:109  | This host supports IPv4 and IPv6
[2025-11-05 05:55:08.136] I [OvenMediaEngine:1] OvenMediaEngine | main.cpp:126  | Trying to create MediaRouter...
[2025-11-05 05:55:08.136] I [OvenMediaEngine:1] MediaRouter | mediarouter.cpp:40   | Mediarouter has been started.
[2025-11-05 05:55:08.136] I [OvenMediaEngine:1] OvenMediaEngine | main.cpp:129  | Trying to create WebRTC Publisher...
[2025-11-05 05:55:08.136] I [OvenMediaEngine:1] Signalling.P2P | rtc_p2p_manager.cpp:27   | P2P is disabled in the configuration
[2025-11-05 05:55:08.137] I [OvenMediaEngine:1] HTTP.Server | http_server_manager.cpp:319  | WebRTC Publisher is listening on *:3333 (TLS: *:3334)...
[2025-11-05 05:55:08.137] I [OvenMediaEngine:1] ICE | ice_port_manager.cpp:314  | ICE candidate found: 192.168.1.10:10000
[2025-11-05 05:55:08.137] I [OvenMediaEngine:1] ICE | ice_port_manager.cpp:314  | ICE candidate found: 192.168.1.10:10001
[2025-11-05 05:55:08.137] I [OvenMediaEngine:1] ICE | ice_port_manager.cpp:314  | ICE candidate found: 192.168.1.10:10002
[2025-11-05 05:55:08.137] I [OvenMediaEngine:1] ICE | ice_port_manager.cpp:314  | ICE candidate found: 192.168.1.10:10003
[2025-11-05 05:55:08.137] I [OvenMediaEngine:1] ICE | ice_port_manager.cpp:314  | ICE candidate found: 192.168.1.10:10004
[2025-11-05 05:55:08.138] I [OvenMediaEngine:1] ICE | ice_port.cpp:113  | ICE ports are listening on *:10004/UDP (0x711036908690), *:10003/UDP (0x711036908990), *:10002/UDP (0x711036908c90), *:10001/UDP (0x711036908f90), *:10000/UDP (0x711036909290) (for WebRTC Publisher)
[2025-11-05 05:55:08.138] I [OvenMediaEngine:1] ICE | ice_port_manager.cpp:199  | TURN port is listening on *:3478/TCP (for WebRTC Publisher)
[2025-11-05 05:55:08.138] I [OvenMediaEngine:1] Publisher | publisher.cpp:19   | WebRTC Publisher has been started.
[2025-11-05 05:55:08.138] I [OvenMediaEngine:1] OvenMediaEngine | main.cpp:130  | Trying to create LLHLS Publisher...
[2025-11-05 05:55:08.138] I [OvenMediaEngine:1] HTTP.Server | http_server_manager.cpp:319  | LLHLS Publisher is listening on *:3333 (TLS: *:3334)...
[2025-11-05 05:55:08.138] I [OvenMediaEngine:1] Publisher | publisher.cpp:19   | LLHLS Publisher has been started.
[2025-11-05 05:55:08.138] I [OvenMediaEngine:1] OvenMediaEngine | main.cpp:131  | Trying to create OVT Publisher...
[2025-11-05 05:55:08.139] I [OvenMediaEngine:1] OVT | ovt_publisher.cpp:90   | OVTPublisher is listening on *:9000/TCP...
[2025-11-05 05:55:08.139] I [OvenMediaEngine:1] Publisher | publisher.cpp:19   | OVTPublisher has been started.
[2025-11-05 05:55:08.139] I [OvenMediaEngine:1] OvenMediaEngine | main.cpp:132  | Trying to create File Publisher...
[2025-11-05 05:55:08.139] I [OvenMediaEngine:1] Publisher | publisher.cpp:19   | FilePublisher has been started.
[2025-11-05 05:55:08.139] I [OvenMediaEngine:1] OvenMediaEngine | main.cpp:133  | Trying to create Push Publisher...
[2025-11-05 05:55:08.139] I [OvenMediaEngine:1] Publisher | publisher.cpp:19   | PushPublisher has been started.
[2025-11-05 05:55:08.140] I [OvenMediaEngine:1] OvenMediaEngine | main.cpp:134  | Trying to create Thumbnail Publisher...
[2025-11-05 05:55:08.140] W [OvenMediaEngine:1] Thumbnail | thumbnail_publisher.cpp:79   | ThumbnailPublisher is disabled by configuration
[2025-11-05 05:55:08.140] I [OvenMediaEngine:1] OvenMediaEngine | main.cpp:135  | Trying to create HLS Publisher...
[2025-11-05 05:55:08.140] W [OvenMediaEngine:1] HLS Publisher | hls_publisher.cpp:78   | HLSv3 Publisher is disabled by configuration
[2025-11-05 05:55:08.140] I [OvenMediaEngine:1] OvenMediaEngine | main.cpp:136  | Trying to create SRT Publisher...
[2025-11-05 05:55:08.140] W [OvenMediaEngine:1] SRTPublisher | srt_publisher.cpp:43   | SRTPublisher is disabled by configuration
[2025-11-05 05:55:08.140] I [OvenMediaEngine:1] OvenMediaEngine | main.cpp:139  | Trying to create Transcoder...
[2025-11-05 05:55:08.140] I [OvenMediaEngine:1] Transcoder | transcoder_gpu.cpp:94   | Trying to release Transcoder GPU resources
[2025-11-05 05:55:08.140] I [OvenMediaEngine:1] Transcoder | transcoder_gpu.cpp:45   | Trying to check available hardware accelerators
[2025-11-05 05:55:08.140] W [OvenMediaEngine:1] Transcoder | transcoder_gpu.cpp:54   | No supported NVIDIA accelerator
[2025-11-05 05:55:08.140] W [OvenMediaEngine:1] Transcoder | transcoder_gpu.cpp:64   | No supported Xilinx Media accelerator
[2025-11-05 05:55:08.140] W [OvenMediaEngine:1] Transcoder | transcoder_gpu.cpp:74   | No supported Intel QuickSync accelerator
[2025-11-05 05:55:08.140] W [OvenMediaEngine:1] Transcoder | transcoder_gpu.cpp:84   | No supported Netint VPU accelerator
[2025-11-05 05:55:08.140] I [OvenMediaEngine:1] OvenMediaEngine | main.cpp:142  | Trying to create WebRTC Provider...
[2025-11-05 05:55:08.141] I [OvenMediaEngine:1] Signalling.P2P | rtc_p2p_manager.cpp:27   | P2P is disabled in the configuration
[2025-11-05 05:55:08.141] I [OvenMediaEngine:1] HTTP.Server | http_server_manager.cpp:319  | WebRTCProvider is listening on *:3333 (TLS: *:3334)...
[2025-11-05 05:55:08.141] I [OvenMediaEngine:1] HTTP.Server | http_server_manager.cpp:319  | WebRTCProvider is listening on *:3333 (TLS: *:3334)...
[2025-11-05 05:55:08.141] I [OvenMediaEngine:1] ICE | ice_port_manager.cpp:314  | ICE candidate found: 192.168.1.10:10000
[2025-11-05 05:55:08.141] I [OvenMediaEngine:1] ICE | ice_port_manager.cpp:314  | ICE candidate found: 192.168.1.10:10001
[2025-11-05 05:55:08.141] I [OvenMediaEngine:1] ICE | ice_port_manager.cpp:314  | ICE candidate found: 192.168.1.10:10002
[2025-11-05 05:55:08.141] I [OvenMediaEngine:1] ICE | ice_port_manager.cpp:314  | ICE candidate found: 192.168.1.10:10003
[2025-11-05 05:55:08.141] I [OvenMediaEngine:1] ICE | ice_port_manager.cpp:314  | ICE candidate found: 192.168.1.10:10004
[2025-11-05 05:55:08.141] I [OvenMediaEngine:1] ICE | ice_port.cpp:113  | ICE ports are listening on *:10004/UDP (0x711036908690), *:10003/UDP (0x711036908990), *:10002/UDP (0x711036908c90), *:10001/UDP (0x711036908f90), *:10000/UDP (0x711036909290) (for WebRTCProvider)
[2025-11-05 05:55:08.141] I [OvenMediaEngine:1] ICE | ice_port_manager.cpp:199  | TURN port is listening on *:3478/TCP (for WebRTCProvider)
[2025-11-05 05:55:08.142] I [OvenMediaEngine:1] Provider | provider.cpp:37   | WebRTCProvider has been started.
[2025-11-05 05:55:08.142] I [OvenMediaEngine:1] OvenMediaEngine | main.cpp:143  | Trying to create MPEG-TS Provider...
[2025-11-05 05:55:08.143] W [OvenMediaEngine:1] MpegtsProvider | mpegts_provider.cpp:147  | MPEGTSProvider is disabled by configuration
[2025-11-05 05:55:08.143] I [OvenMediaEngine:1] MpegtsProvider | mpegts_provider.cpp:39   | Terminated Mpegts Provider module.
[2025-11-05 05:55:08.143] I [OvenMediaEngine:1] OvenMediaEngine | main.cpp:144  | Trying to create SRT Provider...
[2025-11-05 05:55:08.143] I [OvenMediaEngine:1] SrtProvider | srt_provider.cpp:110  | SrtProvider is listening on *:9999/SRT
[2025-11-05 05:55:08.143] I [OvenMediaEngine:1] Provider | provider.cpp:37   | SrtProvider has been started.
[2025-11-05 05:55:08.143] I [OvenMediaEngine:1] OvenMediaEngine | main.cpp:145  | Trying to create RTMP Provider...
[2025-11-05 05:55:08.144] I [OvenMediaEngine:1] RTMPProvider | rtmp_provider.cpp:151  | RTMPProvider is listening on *:1935
[2025-11-05 05:55:08.144] I [OvenMediaEngine:1] Provider | provider.cpp:37   | RTMPProvider has been started.
[2025-11-05 05:55:08.144] I [OvenMediaEngine:1] OvenMediaEngine | main.cpp:146  | Trying to create OVT Provider...
[2025-11-05 05:55:08.144] I [OvenMediaEngine:1] Provider | provider.cpp:37   | OVTProvider has been started.
[2025-11-05 05:55:08.144] I [OvenMediaEngine:1] OvenMediaEngine | main.cpp:147  | Trying to create RTSPC Provider...
[2025-11-05 05:55:08.144] I [OvenMediaEngine:1] Provider | provider.cpp:37   | RTSPCProvider has been started.
[2025-11-05 05:55:08.144] I [OvenMediaEngine:1] OvenMediaEngine | main.cpp:148  | Trying to create File Provider...
[2025-11-05 05:55:08.144] I [OvenMediaEngine:1] Provider | provider.cpp:37   | FileProvider has been started.
[2025-11-05 05:55:08.145] I [OvenMediaEngine:1] OvenMediaEngine | main.cpp:149  | Trying to create Scheduled Provider...
[2025-11-05 05:55:08.145] I [OvenMediaEngine:1] Provider | provider.cpp:37   | ScheduledProvider has been started.
[2025-11-05 05:55:08.145] I [OvenMediaEngine:1] OvenMediaEngine | main.cpp:150  | Trying to create Multiplex Provider...
[2025-11-05 05:55:08.145] I [OvenMediaEngine:1] Provider | provider.cpp:37   | MultiplexProvider has been started.
[2025-11-05 05:55:08.145] I [OvenMediaEngine:1] OvenMediaEngine | main.cpp:157  | All modules are initialized successfully
[2025-11-05 05:55:08.145] I [OvenMediaEngine:1] Monitor | monitoring.cpp:94   | OvenMediaEngine(788eaae4-a301-431c-a58a-701ea6b5fbbf) ServerMetric has been started for monitoring - 2025-11-05T05:55:08.145+00:00
[2025-11-05 05:55:08.147] I [OvenMediaEngine:1] Certificate | certificate.cpp:35   | A certificate has been loaded for VirtualHost [default]:
	Cert file path: origin_conf/./cert.crt
	Chain cert file path: origin_conf/./cert.ca-bundle
	Private key file path: origin_conf/./cert.key
[2025-11-05 05:55:08.149] I [OvenMediaEngine:1] Monitor | server_metrics.cpp:61   | Create HostMetrics(default/788eaae4-a301-431c-a58a-701ea6b5fbbf/#default#) for monitoring
[2025-11-05 05:55:08.149] I [OvenMediaEngine:1] Orchestrator | orchestrator.cpp:1302 | Trying to create an application: [#default#app]
[2025-11-05 05:55:08.149] I [OvenMediaEngine:1] Monitor | host_metrics.cpp:58   | Create ApplicationMetrics(#default#app/788eaae4-a301-431c-a58a-701ea6b5fbbf/#default#app) for monitoring
[2025-11-05 05:55:08.149] I [OvenMediaEngine:1] MediaRouter | mediarouter_application.cpp:52   | [#default#app(0)] Created Mediarouter application. Worker(1) DelayBufferTime(0)
[2025-11-05 05:55:08.149] I [OvenMediaEngine:1] MediaRouter | mediarouter.cpp:83   | Created Mediarouter. app(#default#app)
[2025-11-05 05:55:08.150] I [OvenMediaEngine:1] Publisher | application.cpp:226  | WebRTC Publisher Application has created [#default#app] application
[2025-11-05 05:55:08.150] I [OvenMediaEngine:1] Publisher | application.cpp:226  | LLHLS Publisher Application has created [#default#app] application
[2025-11-05 05:55:08.150] I [OvenMediaEngine:1] Publisher | application.cpp:226  | OVTPublisher Application has created [#default#app] application
[2025-11-05 05:55:08.150] W [OvenMediaEngine:1] Publisher | publisher.cpp:68   | File publisher is disabled in #default#app application, so it was not created
[2025-11-05 05:55:08.150] W [OvenMediaEngine:1] Publisher | publisher.cpp:68   | Push publisher is disabled in #default#app application, so it was not created
[2025-11-05 05:55:08.150] I [OvenMediaEngine:1] Transcoder | transcoder_application.cpp:34   | Created transcoder application. [#default#app]
[2025-11-05 05:55:08.150] I [OvenMediaEngine:1] Transcoder | transcoder.cpp:97   | Transcoder has created [config][#default#app] application
[2025-11-05 05:55:08.150] I [OvenMediaEngine:1] Provider | application.cpp:46   | WebRTCProvider has created [#default#app] application
[2025-11-05 05:55:08.150] I [OvenMediaEngine:1] Provider | application.cpp:46   | SrtProvider has created [#default#app] application
[2025-11-05 05:55:08.151] I [OvenMediaEngine:1] Provider | application.cpp:46   | RTMPProvider has created [#default#app] application
[2025-11-05 05:55:08.151] I [OvenMediaEngine:1] Provider | application.cpp:46   | OVTProvider has created [#default#app] application
[2025-11-05 05:55:08.151] I [OvenMediaEngine:1] Provider | application.cpp:46   | RTSPCProvider has created [#default#app] application
[2025-11-05 05:55:08.151] I [OvenMediaEngine:1] Provider | application.cpp:46   | ScheduledProvider has created [#default#app] application
[2025-11-05 05:55:08.151] W [OvenMediaEngine:1] Provider | provider.cpp:91   | Multiplex provider is disabled in #default#app application, so it was not created
[2025-11-05 05:55:08.151] I [OvenMediaEngine:1] APIServer | api_server.cpp:123  | API Server is disabled by configuration
[2025-11-05 06:06:16.691] W [OvenMediaEngine:1] OvenMediaEngine | signals.cpp:343  | Caught terminate signal 15. OME is terminating...
[2025-11-05 06:06:16.691] I [OvenMediaEngine:1] Monitor | server_metrics.cpp:80   | Delete HostMetrics(default/788eaae4-a301-431c-a58a-701ea6b5fbbf/#default#) for monitoring
[2025-11-05 06:06:16.691] I [OvenMediaEngine:1] Orchestrator | orchestrator.cpp:277  | Trying to delete an application: [#default#app] (0)
[2025-11-05 06:06:16.691] I [OvenMediaEngine:1] MediaRouter | mediarouter_application.cpp:243  | Unregistered observer. app(#default#app) type(3)
[2025-11-05 06:06:16.691] I [OvenMediaEngine:1] MediaRouter | mediarouter_application.cpp:205  | Unregistered connector. app(#default#app) type(0)
[2025-11-05 06:06:16.691] I [OvenMediaEngine:1] Provider | application.cpp:61   | ScheduledProvider has deleted [#default#app] application
[2025-11-05 06:06:16.691] I [OvenMediaEngine:1] MediaRouter | mediarouter_application.cpp:205  | Unregistered connector. app(#default#app) type(0)
[2025-11-05 06:06:16.745] I [OvenMediaEngine:1] Provider | application.cpp:61   | RTSPCProvider has deleted [#default#app] application
[2025-11-05 06:06:16.745] I [OvenMediaEngine:1] MediaRouter | mediarouter_application.cpp:205  | Unregistered connector. app(#default#app) type(0)
[2025-11-05 06:06:16.751] I [OvenMediaEngine:1] Provider | application.cpp:61   | OVTProvider has deleted [#default#app] application
[2025-11-05 06:06:16.751] I [OvenMediaEngine:1] MediaRouter | mediarouter_application.cpp:205  | Unregistered connector. app(#default#app) type(0)
[2025-11-05 06:06:16.751] I [OvenMediaEngine:1] Provider | application.cpp:61   | RTMPProvider has deleted [#default#app] application
[2025-11-05 06:06:16.751] I [OvenMediaEngine:1] MediaRouter | mediarouter_application.cpp:205  | Unregistered connector. app(#default#app) type(0)
[2025-11-05 06:06:16.751] I [OvenMediaEngine:1] Provider | application.cpp:61   | SrtProvider has deleted [#default#app] application
[2025-11-05 06:06:16.751] I [OvenMediaEngine:1] MediaRouter | mediarouter_application.cpp:205  | Unregistered connector. app(#default#app) type(0)
[2025-11-05 06:06:16.751] I [OvenMediaEngine:1] Provider | application.cpp:61   | WebRTCProvider has deleted [#default#app] application
[2025-11-05 06:06:16.751] I [OvenMediaEngine:1] MediaRouter | mediarouter_application.cpp:243  | Unregistered observer. app(#default#app) type(1)
[2025-11-05 06:06:16.751] I [OvenMediaEngine:1] MediaRouter | mediarouter_application.cpp:205  | Unregistered connector. app(#default#app) type(1)
[2025-11-05 06:06:16.751] I [OvenMediaEngine:1] Transcoder | transcoder.cpp:133  | Transcoder has deleted [config][#default#app] application
[2025-11-05 06:06:16.751] I [OvenMediaEngine:1] Transcoder | transcoder_application.cpp:39   | Transcoder application has been destroyed. [#default#app]
[2025-11-05 06:06:16.751] I [OvenMediaEngine:1] Publisher | application.cpp:245  | OVTPublisher Application has deleted [#default#app] application
[2025-11-05 06:06:16.751] I [OvenMediaEngine:1] MediaRouter | mediarouter_application.cpp:243  | Unregistered observer. app(#default#app) type(0)
[2025-11-05 06:06:16.751] I [OvenMediaEngine:1] Publisher | application.cpp:245  | OVTPublisher Application has deleted [#default#app] application
[2025-11-05 06:06:16.752] I [OvenMediaEngine:1] Publisher | application.cpp:245  | OVTPublisher Application has deleted [#default#app] application
[2025-11-05 06:06:16.752] I [OvenMediaEngine:1] Publisher | application.cpp:245  | LLHLS Publisher Application has deleted [#default#app] application
[2025-11-05 06:06:16.752] I [OvenMediaEngine:1] MediaRouter | mediarouter_application.cpp:243  | Unregistered observer. app(#default#app) type(0)
[2025-11-05 06:06:16.752] I [OvenMediaEngine:1] Publisher | application.cpp:245  | LLHLS Publisher Application has deleted [#default#app] application
[2025-11-05 06:06:16.752] I [OvenMediaEngine:1] Publisher | application.cpp:245  | LLHLS Publisher Application has deleted [#default#app] application
[2025-11-05 06:06:16.752] I [OvenMediaEngine:1] Publisher | application.cpp:245  | WebRTC Publisher Application has deleted [#default#app] application
[2025-11-05 06:06:16.752] I [OvenMediaEngine:1] MediaRouter | mediarouter_application.cpp:243  | Unregistered observer. app(#default#app) type(0)
[2025-11-05 06:06:16.752] I [OvenMediaEngine:1] Publisher | application.cpp:245  | WebRTC Publisher Application has deleted [#default#app] application
[2025-11-05 06:06:16.752] I [OvenMediaEngine:1] Publisher | application.cpp:245  | WebRTC Publisher Application has deleted [#default#app] application
[2025-11-05 06:06:16.752] I [OvenMediaEngine:1] MediaRouter | mediarouter_application.cpp:73   | [#default#app(0)] Destroyed Mediarouter application. worker(1)
[2025-11-05 06:06:16.752] I [OvenMediaEngine:1] MediaRouter | mediarouter.cpp:101  | Mediarouter has been destroyed. app(#default#app)
[2025-11-05 06:06:16.752] I [OvenMediaEngine:1] OvenMediaEngine | main.cpp:179  | Trying to release WebRTC Provider...
[2025-11-05 06:06:17.022] I [OvenMediaEngine:1] Provider | provider.cpp:61   | WebRTCProvider has been stopped.
[2025-11-05 06:06:17.022] I [OvenMediaEngine:1] OvenMediaEngine | main.cpp:181  | Trying to release SRT Provider...
[2025-11-05 06:06:17.122] I [OvenMediaEngine:1] Provider | provider.cpp:61   | SrtProvider has been stopped.
[2025-11-05 06:06:17.122] I [OvenMediaEngine:1] OvenMediaEngine | main.cpp:182  | Trying to release RTMP Provider...
[2025-11-05 06:06:17.217] I [OvenMediaEngine:1] Provider | provider.cpp:61   | RTMPProvider has been stopped.
[2025-11-05 06:06:17.217] I [OvenMediaEngine:1] OvenMediaEngine | main.cpp:183  | Trying to release OVT Provider...
[2025-11-05 06:06:17.217] I [OvenMediaEngine:1] Provider | provider.cpp:61   | OVTProvider has been stopped.
[2025-11-05 06:06:17.217] I [OvenMediaEngine:1] OvenMediaEngine | main.cpp:184  | Trying to release RTSPC Provider...
[2025-11-05 06:06:17.217] I [OvenMediaEngine:1] Provider | provider.cpp:61   | RTSPCProvider has been stopped.
[2025-11-05 06:06:17.217] I [OvenMediaEngine:1] OvenMediaEngine | main.cpp:185  | Trying to release File Provider...
[2025-11-05 06:06:17.217] I [OvenMediaEngine:1] Provider | provider.cpp:61   | FileProvider has been stopped.
[2025-11-05 06:06:17.217] I [OvenMediaEngine:1] OvenMediaEngine | main.cpp:186  | Trying to release Scheduled Provider...
[2025-11-05 06:06:17.217] I [OvenMediaEngine:1] Provider | provider.cpp:61   | ScheduledProvider has been stopped.
[2025-11-05 06:06:17.217] I [OvenMediaEngine:1] OvenMediaEngine | main.cpp:187  | Trying to release Multiplex Provider...
[2025-11-05 06:06:17.217] I [OvenMediaEngine:1] Provider | provider.cpp:61   | MultiplexProvider has been stopped.
[2025-11-05 06:06:17.217] I [OvenMediaEngine:1] OvenMediaEngine | main.cpp:191  | Trying to release Transcoder...
[2025-11-05 06:06:17.217] I [OvenMediaEngine:1] Transcoder | transcoder_gpu.cpp:94   | Trying to release Transcoder GPU resources
[2025-11-05 06:06:17.217] I [OvenMediaEngine:1] OvenMediaEngine | main.cpp:193  | Trying to release WebRTC Publisher...
[2025-11-05 06:06:17.217] I [OvenMediaEngine:1] Publisher | publisher.cpp:42   | WebRTC Publisher has been stopped.
[2025-11-05 06:06:17.217] I [OvenMediaEngine:1] OvenMediaEngine | main.cpp:194  | Trying to release LLHLS Publisher...
[2025-11-05 06:06:17.217] I [OvenMediaEngine:1] Publisher | publisher.cpp:42   | LLHLS Publisher has been stopped.
[2025-11-05 06:06:17.217] I [OvenMediaEngine:1] OvenMediaEngine | main.cpp:195  | Trying to release OVT Publisher...
[2025-11-05 06:06:17.241] I [OvenMediaEngine:1] Publisher | publisher.cpp:42   | OVTPublisher has been stopped.
[2025-11-05 06:06:17.241] I [OvenMediaEngine:1] OvenMediaEngine | main.cpp:196  | Trying to release File Publisher...
[2025-11-05 06:06:17.241] I [OvenMediaEngine:1] Publisher | publisher.cpp:42   | FilePublisher has been stopped.
[2025-11-05 06:06:17.242] I [OvenMediaEngine:1] OvenMediaEngine | main.cpp:197  | Trying to release Push Publisher...
[2025-11-05 06:06:17.242] I [OvenMediaEngine:1] Publisher | publisher.cpp:42   | PushPublisher has been stopped.
[2025-11-05 06:06:17.242] I [OvenMediaEngine:1] OvenMediaEngine | main.cpp:202  | Trying to release MediaRouter...
[2025-11-05 06:06:17.242] I [OvenMediaEngine:1] MediaRouter | mediarouter.cpp:49   | Mediarouter has been stopped.
[2025-11-05 06:06:17.244] I [OvenMediaEngine:1] OvenMediaEngine | main.cpp:359  | Uninitializing TCP socket pool...
[2025-11-05 06:06:17.244] I [OvenMediaEngine:1] OvenMediaEngine | main.cpp:361  | Uninitializing UDP socket pool...
[2025-11-05 06:06:17.342] I [OvenMediaEngine:1] OvenMediaEngine | main.cpp:364  | OvenMediaEngine will be terminated
[2025-11-05 06:06:17.342] I [OvenMediaEngine:1] Provider | provider.cpp:61   | FileProvider has been stopped.
[2025-11-05 06:06:17.342] I [OvenMediaEngine:1] Provider | provider.cpp:61   | RTSPCProvider has been stopped.
[2025-11-05 06:06:17.342] I [OvenMediaEngine:1] Provider | provider.cpp:61   | OVTProvider has been stopped.
[2025-11-05 06:06:17.342] I [OvenMediaEngine:1] RTMPProvider | rtmp_provider.cpp:72   | Terminated Rtmp Provider module.
[2025-11-05 06:06:17.343] I [OvenMediaEngine:1] SrtProvider | srt_provider.cpp:40   | Terminated SRT Provider module.
[2025-11-23 15:33:45.914] I [OvenMediaEngine:1] Config | config_manager.cpp:233  | Trying to set logfile in directory... (/var/log/ovenmediaengine)
[2025-11-23 15:33:45.914] I [OvenMediaEngine:1] Config | config_manager.cpp:255  | Trying to load configurations... (origin_conf/Server.xml)
[2025-11-23 15:33:45.920] I [OvenMediaEngine:1] OvenMediaEngine | banner.cpp:23   | OvenMediaEngine v0.19.0 (v0.19.0) is started on [3fa1d29aefe3] (Linux x86_64 - 6.8.0-87-generic, #88~22.04.1-Ubuntu SMP PREEMPT_DYNAMIC Tue Oct 14 14:03:14 UTC 2)
[2025-11-23 15:33:45.920] I [OvenMediaEngine:1] OvenMediaEngine | banner.cpp:27   | With modules:
[2025-11-23 15:33:45.920] I [OvenMediaEngine:1] OvenMediaEngine | banner.cpp:28   |   FFmpeg 5.1.4
[2025-11-23 15:33:45.920] I [OvenMediaEngine:1] OvenMediaEngine | banner.cpp:29   |     Configuration: --prefix=/opt/ovenmediaengine --extra-cflags='-I/opt/ovenmediaengine/include ' --extra-ldflags=' -L/opt/ovenmediaengine/lib -Wl,-rpath,/opt/ovenmediaengine/lib -Wl,--disable-new-dtags' --extra-libs=-ldl --enable-gpl --enable-nonfree --disable-everything --disable-programs --disable-avdevice --disable-dwt --disable-lsp --disable-faan --disable-pixelutils --enable-shared --enable-zlib --enable-libopus --enable-libvpx --enable-libfdk_aac --enable-libopenh264 --enable-openssl --enable-network --enable-libsrt --enable-dct --enable-rdft --enable-libwebp --disable-nvdec --disable-nvdec --disable-vaapi --disable-vdpau --disable-cuda-llvm --disable-cuvid --disable-ffnvcodec --enable-libx264 --enable-encoder='libvpx_vp8,libopus,libfdk_aac,libopenh264,mjpeg,png,libwebp,libx264' --enable-decoder='aac,aac_latm,aac_fixed,mp3float,mp3,h264,hevc,opus,vp8' --enable-parser='aac,aac_latm,aac_fixed,h264,hevc,opus,vp8' --enable-protocol='tcp,udp,rtp,file,rtmp,tls,rtmps,libsrt' --enable-demuxer='rtsp,flv,live_flv,mp4,mp3' --enable-muxer='mp4,webm,mpegts,flv,mpjpeg' --enable-filter='asetnsamples,aresample,aformat,channelmap,channelsplit,scale,transpose,fps,settb,asettb,crop,format'
[2025-11-23 15:33:45.920] I [OvenMediaEngine:1] OvenMediaEngine | banner.cpp:30   |     libavformat: 59.27.100
[2025-11-23 15:33:45.920] I [OvenMediaEngine:1] OvenMediaEngine | banner.cpp:31   |     libavcodec: 59.37.100
[2025-11-23 15:33:45.920] I [OvenMediaEngine:1] OvenMediaEngine | banner.cpp:32   |     libavutil: 57.28.100
[2025-11-23 15:33:45.920] I [OvenMediaEngine:1] OvenMediaEngine | banner.cpp:33   |     libavfilter: 8.44.100
[2025-11-23 15:33:45.920] I [OvenMediaEngine:1] OvenMediaEngine | banner.cpp:34   |     libswresample: 4.7.100
[2025-11-23 15:33:45.920] I [OvenMediaEngine:1] OvenMediaEngine | banner.cpp:35   |     libswscale: 6.7.100
[2025-11-23 15:33:45.920] I [OvenMediaEngine:1] OvenMediaEngine | banner.cpp:36   |   SRT: 1.5.2
[2025-11-23 15:33:45.920] I [OvenMediaEngine:1] OvenMediaEngine | banner.cpp:37   |   SRTP: libsrtp2 2.4.2
[2025-11-23 15:33:45.920] I [OvenMediaEngine:1] OvenMediaEngine | banner.cpp:38   |   OpenSSL: OpenSSL 3.0.7 1 Nov 2022
[2025-11-23 15:33:45.920] I [OvenMediaEngine:1] OvenMediaEngine | banner.cpp:39   |     Configuration: compiler: gcc -fPIC -pthread -m64 -Wa,--noexecstack -Wall -O3 -DOPENSSL_USE_NODELETE -DL_ENDIAN -DOPENSSL_PIC -DOPENSSL_BUILDING_OPENSSL -DNDEBUG
[2025-11-23 15:33:45.920] I [OvenMediaEngine:1] OvenMediaEngine | banner.cpp:40   |   JsonCpp: 1.9.3
[2025-11-23 15:33:45.920] I [OvenMediaEngine:1] OvenMediaEngine | banner.cpp:41   |   jemalloc: 5.3.0-0-g54eaed1d8b56b1aa528be3bdd1877e59c56fa90c
[2025-11-23 15:33:45.920] I [OvenMediaEngine:1] OvenMediaEngine | banner.cpp:42   |   spdlog: 1.15.1
[2025-11-23 15:33:45.920] I [OvenMediaEngine:1] OvenMediaEngine | main.cpp:73   | Server ID : 788eaae4-a301-431c-a58a-701ea6b5fbbf
[2025-11-23 15:33:46.592] I [OvenMediaEngine:1] OvenMediaEngine | main.cpp:91   | Resolved public IP address (110.139.54.93) from stun server (stun.ovenmediaengine.com:13478)
[2025-11-23 15:33:46.593] I [OvenMediaEngine:1] OvenMediaEngine | main.cpp:109  | This host supports IPv4 and IPv6
[2025-11-23 15:33:46.605] I [OvenMediaEngine:1] OvenMediaEngine | main.cpp:126  | Trying to create MediaRouter...
[2025-11-23 15:33:46.605] I [OvenMediaEngine:1] MediaRouter | mediarouter.cpp:40   | Mediarouter has been started.
[2025-11-23 15:33:46.605] I [OvenMediaEngine:1] OvenMediaEngine | main.cpp:129  | Trying to create WebRTC Publisher...
[2025-11-23 15:33:46.606] I [OvenMediaEngine:1] Signalling.P2P | rtc_p2p_manager.cpp:27   | P2P is disabled in the configuration
[2025-11-23 15:33:46.607] I [OvenMediaEngine:1] HTTP.Server | http_server_manager.cpp:319  | WebRTC Publisher is listening on *:3333 (TLS: *:3334)...
[2025-11-23 15:33:46.607] I [OvenMediaEngine:1] ICE | ice_port_manager.cpp:314  | ICE candidate found: 192.168.1.205:10000
[2025-11-23 15:33:46.607] I [OvenMediaEngine:1] ICE | ice_port_manager.cpp:314  | ICE candidate found: 192.168.1.205:10001
[2025-11-23 15:33:46.607] I [OvenMediaEngine:1] ICE | ice_port_manager.cpp:314  | ICE candidate found: 192.168.1.205:10002
[2025-11-23 15:33:46.608] I [OvenMediaEngine:1] ICE | ice_port_manager.cpp:314  | ICE candidate found: 192.168.1.205:10003
[2025-11-23 15:33:46.608] I [OvenMediaEngine:1] ICE | ice_port_manager.cpp:314  | ICE candidate found: 192.168.1.205:10004
[2025-11-23 15:33:46.609] I [OvenMediaEngine:1] ICE | ice_port.cpp:113  | ICE ports are listening on *:10004/UDP (0x7ad2b6308690), *:10003/UDP (0x7ad2b6308990), *:10002/UDP (0x7ad2b6308c90), *:10001/UDP (0x7ad2b6308f90), *:10000/UDP (0x7ad2b6309290) (for WebRTC Publisher)
[2025-11-23 15:33:46.609] I [OvenMediaEngine:1] ICE | ice_port_manager.cpp:199  | TURN port is listening on *:3478/TCP (for WebRTC Publisher)
[2025-11-23 15:33:46.609] I [OvenMediaEngine:1] Publisher | publisher.cpp:19   | WebRTC Publisher has been started.
[2025-11-23 15:33:46.609] I [OvenMediaEngine:1] OvenMediaEngine | main.cpp:130  | Trying to create LLHLS Publisher...
[2025-11-23 15:33:46.610] I [OvenMediaEngine:1] HTTP.Server | http_server_manager.cpp:319  | LLHLS Publisher is listening on *:3333 (TLS: *:3334)...
[2025-11-23 15:33:46.610] I [OvenMediaEngine:1] Publisher | publisher.cpp:19   | LLHLS Publisher has been started.
[2025-11-23 15:33:46.610] I [OvenMediaEngine:1] OvenMediaEngine | main.cpp:131  | Trying to create OVT Publisher...
[2025-11-23 15:33:46.611] I [OvenMediaEngine:1] OVT | ovt_publisher.cpp:90   | OVTPublisher is listening on *:9000/TCP...
[2025-11-23 15:33:46.611] I [OvenMediaEngine:1] Publisher | publisher.cpp:19   | OVTPublisher has been started.
[2025-11-23 15:33:46.611] I [OvenMediaEngine:1] OvenMediaEngine | main.cpp:132  | Trying to create File Publisher...
[2025-11-23 15:33:46.611] I [OvenMediaEngine:1] Publisher | publisher.cpp:19   | FilePublisher has been started.
[2025-11-23 15:33:46.611] I [OvenMediaEngine:1] OvenMediaEngine | main.cpp:133  | Trying to create Push Publisher...
[2025-11-23 15:33:46.611] I [OvenMediaEngine:1] Publisher | publisher.cpp:19   | PushPublisher has been started.
[2025-11-23 15:33:46.612] I [OvenMediaEngine:1] OvenMediaEngine | main.cpp:134  | Trying to create Thumbnail Publisher...
[2025-11-23 15:33:46.612] W [OvenMediaEngine:1] Thumbnail | thumbnail_publisher.cpp:79   | ThumbnailPublisher is disabled by configuration
[2025-11-23 15:33:46.612] I [OvenMediaEngine:1] OvenMediaEngine | main.cpp:135  | Trying to create HLS Publisher...
[2025-11-23 15:33:46.612] W [OvenMediaEngine:1] HLS Publisher | hls_publisher.cpp:78   | HLSv3 Publisher is disabled by configuration
[2025-11-23 15:33:46.612] I [OvenMediaEngine:1] OvenMediaEngine | main.cpp:136  | Trying to create SRT Publisher...
[2025-11-23 15:33:46.612] W [OvenMediaEngine:1] SRTPublisher | srt_publisher.cpp:43   | SRTPublisher is disabled by configuration
[2025-11-23 15:33:46.612] I [OvenMediaEngine:1] OvenMediaEngine | main.cpp:139  | Trying to create Transcoder...
[2025-11-23 15:33:46.612] I [OvenMediaEngine:1] Transcoder | transcoder_gpu.cpp:94   | Trying to release Transcoder GPU resources
[2025-11-23 15:33:46.612] I [OvenMediaEngine:1] Transcoder | transcoder_gpu.cpp:45   | Trying to check available hardware accelerators
[2025-11-23 15:33:46.612] W [OvenMediaEngine:1] Transcoder | transcoder_gpu.cpp:54   | No supported NVIDIA accelerator
[2025-11-23 15:33:46.612] W [OvenMediaEngine:1] Transcoder | transcoder_gpu.cpp:64   | No supported Xilinx Media accelerator
[2025-11-23 15:33:46.612] W [OvenMediaEngine:1] Transcoder | transcoder_gpu.cpp:74   | No supported Intel QuickSync accelerator
[2025-11-23 15:33:46.612] W [OvenMediaEngine:1] Transcoder | transcoder_gpu.cpp:84   | No supported Netint VPU accelerator
[2025-11-23 15:33:46.612] I [OvenMediaEngine:1] OvenMediaEngine | main.cpp:142  | Trying to create WebRTC Provider...
[2025-11-23 15:33:46.613] I [OvenMediaEngine:1] Signalling.P2P | rtc_p2p_manager.cpp:27   | P2P is disabled in the configuration
[2025-11-23 15:33:46.613] I [OvenMediaEngine:1] HTTP.Server | http_server_manager.cpp:319  | WebRTCProvider is listening on *:3333 (TLS: *:3334)...
[2025-11-23 15:33:46.613] I [OvenMediaEngine:1] HTTP.Server | http_server_manager.cpp:319  | WebRTCProvider is listening on *:3333 (TLS: *:3334)...
[2025-11-23 15:33:46.613] I [OvenMediaEngine:1] ICE | ice_port_manager.cpp:314  | ICE candidate found: 192.168.1.205:10000
[2025-11-23 15:33:46.613] I [OvenMediaEngine:1] ICE | ice_port_manager.cpp:314  | ICE candidate found: 192.168.1.205:10001
[2025-11-23 15:33:46.613] I [OvenMediaEngine:1] ICE | ice_port_manager.cpp:314  | ICE candidate found: 192.168.1.205:10002
[2025-11-23 15:33:46.613] I [OvenMediaEngine:1] ICE | ice_port_manager.cpp:314  | ICE candidate found: 192.168.1.205:10003
[2025-11-23 15:33:46.613] I [OvenMediaEngine:1] ICE | ice_port_manager.cpp:314  | ICE candidate found: 192.168.1.205:10004
[2025-11-23 15:33:46.613] I [OvenMediaEngine:1] ICE | ice_port.cpp:113  | ICE ports are listening on *:10004/UDP (0x7ad2b6308690), *:10003/UDP (0x7ad2b6308990), *:10002/UDP (0x7ad2b6308c90), *:10001/UDP (0x7ad2b6308f90), *:10000/UDP (0x7ad2b6309290) (for WebRTCProvider)
[2025-11-23 15:33:46.613] I [OvenMediaEngine:1] ICE | ice_port_manager.cpp:199  | TURN port is listening on *:3478/TCP (for WebRTCProvider)
[2025-11-23 15:33:46.615] I [OvenMediaEngine:1] Provider | provider.cpp:37   | WebRTCProvider has been started.
[2025-11-23 15:33:46.615] I [OvenMediaEngine:1] OvenMediaEngine | main.cpp:143  | Trying to create MPEG-TS Provider...
[2025-11-23 15:33:46.615] W [OvenMediaEngine:1] MpegtsProvider | mpegts_provider.cpp:147  | MPEGTSProvider is disabled by configuration
[2025-11-23 15:33:46.615] I [OvenMediaEngine:1] MpegtsProvider | mpegts_provider.cpp:39   | Terminated Mpegts Provider module.
[2025-11-23 15:33:46.615] I [OvenMediaEngine:1] OvenMediaEngine | main.cpp:144  | Trying to create SRT Provider...
[2025-11-23 15:33:46.615] I [OvenMediaEngine:1] SrtProvider | srt_provider.cpp:110  | SrtProvider is listening on *:9999/SRT
[2025-11-23 15:33:46.616] I [OvenMediaEngine:1] Provider | provider.cpp:37   | SrtProvider has been started.
[2025-11-23 15:33:46.616] I [OvenMediaEngine:1] OvenMediaEngine | main.cpp:145  | Trying to create RTMP Provider...
[2025-11-23 15:33:46.616] I [OvenMediaEngine:1] RTMPProvider | rtmp_provider.cpp:151  | RTMPProvider is listening on *:1935
[2025-11-23 15:33:46.616] I [OvenMediaEngine:1] Provider | provider.cpp:37   | RTMPProvider has been started.
[2025-11-23 15:33:46.616] I [OvenMediaEngine:1] OvenMediaEngine | main.cpp:146  | Trying to create OVT Provider...
[2025-11-23 15:33:46.616] I [OvenMediaEngine:1] Provider | provider.cpp:37   | OVTProvider has been started.
[2025-11-23 15:33:46.616] I [OvenMediaEngine:1] OvenMediaEngine | main.cpp:147  | Trying to create RTSPC Provider...
[2025-11-23 15:33:46.617] I [OvenMediaEngine:1] Provider | provider.cpp:37   | RTSPCProvider has been started.
[2025-11-23 15:33:46.617] I [OvenMediaEngine:1] OvenMediaEngine | main.cpp:148  | Trying to create File Provider...
[2025-11-23 15:33:46.617] I [OvenMediaEngine:1] Provider | provider.cpp:37   | FileProvider has been started.
[2025-11-23 15:33:46.617] I [OvenMediaEngine:1] OvenMediaEngine | main.cpp:149  | Trying to create Scheduled Provider...
[2025-11-23 15:33:46.617] I [OvenMediaEngine:1] Provider | provider.cpp:37   | ScheduledProvider has been started.
[2025-11-23 15:33:46.617] I [OvenMediaEngine:1] OvenMediaEngine | main.cpp:150  | Trying to create Multiplex Provider...
[2025-11-23 15:33:46.617] I [OvenMediaEngine:1] Provider | provider.cpp:37   | MultiplexProvider has been started.
[2025-11-23 15:33:46.618] I [OvenMediaEngine:1] OvenMediaEngine | main.cpp:157  | All modules are initialized successfully
[2025-11-23 15:33:46.618] I [OvenMediaEngine:1] Monitor | monitoring.cpp:94   | OvenMediaEngine(788eaae4-a301-431c-a58a-701ea6b5fbbf) ServerMetric has been started for monitoring - 2025-11-23T15:33:46.618+00:00
[2025-11-23 15:33:46.619] I [OvenMediaEngine:1] Certificate | certificate.cpp:35   | A certificate has been loaded for VirtualHost [default]:
	Cert file path: origin_conf/./cert.crt
	Chain cert file path: origin_conf/./cert.ca-bundle
	Private key file path: origin_conf/./cert.key
[2025-11-23 15:33:46.620] I [OvenMediaEngine:1] Monitor | server_metrics.cpp:61   | Create HostMetrics(default/788eaae4-a301-431c-a58a-701ea6b5fbbf/#default#) for monitoring
[2025-11-23 15:33:46.620] I [OvenMediaEngine:1] Orchestrator | orchestrator.cpp:1302 | Trying to create an application: [#default#app]
[2025-11-23 15:33:46.620] I [OvenMediaEngine:1] Monitor | host_metrics.cpp:58   | Create ApplicationMetrics(#default#app/788eaae4-a301-431c-a58a-701ea6b5fbbf/#default#app) for monitoring
[2025-11-23 15:33:46.620] I [OvenMediaEngine:1] MediaRouter | mediarouter_application.cpp:52   | [#default#app(0)] Created Mediarouter application. Worker(1) DelayBufferTime(0)
[2025-11-23 15:33:46.620] I [OvenMediaEngine:1] MediaRouter | mediarouter.cpp:83   | Created Mediarouter. app(#default#app)
[2025-11-23 15:33:46.621] I [OvenMediaEngine:1] Publisher | application.cpp:226  | WebRTC Publisher Application has created [#default#app] application
[2025-11-23 15:33:46.621] I [OvenMediaEngine:1] Publisher | application.cpp:226  | LLHLS Publisher Application has created [#default#app] application
[2025-11-23 15:33:46.621] I [OvenMediaEngine:1] Publisher | application.cpp:226  | OVTPublisher Application has created [#default#app] application
[2025-11-23 15:33:46.621] W [OvenMediaEngine:1] Publisher | publisher.cpp:68   | File publisher is disabled in #default#app application, so it was not created
[2025-11-23 15:33:46.621] W [OvenMediaEngine:1] Publisher | publisher.cpp:68   | Push publisher is disabled in #default#app application, so it was not created
[2025-11-23 15:33:46.621] I [OvenMediaEngine:1] Transcoder | transcoder_application.cpp:34   | Created transcoder application. [#default#app]
[2025-11-23 15:33:46.621] I [OvenMediaEngine:1] Transcoder | transcoder.cpp:97   | Transcoder has created [config][#default#app] application
[2025-11-23 15:33:46.622] I [OvenMediaEngine:1] Provider | application.cpp:46   | WebRTCProvider has created [#default#app] application
[2025-11-23 15:33:46.622] I [OvenMediaEngine:1] Provider | application.cpp:46   | SrtProvider has created [#default#app] application
[2025-11-23 15:33:46.622] I [OvenMediaEngine:1] Provider | application.cpp:46   | RTMPProvider has created [#default#app] application
[2025-11-23 15:33:46.622] I [OvenMediaEngine:1] Provider | application.cpp:46   | OVTProvider has created [#default#app] application
[2025-11-23 15:33:46.622] I [OvenMediaEngine:1] Provider | application.cpp:46   | RTSPCProvider has created [#default#app] application
[2025-11-23 15:33:46.622] I [OvenMediaEngine:1] Provider | application.cpp:46   | ScheduledProvider has created [#default#app] application
[2025-11-23 15:33:46.622] W [OvenMediaEngine:1] Provider | provider.cpp:91   | Multiplex provider is disabled in #default#app application, so it was not created
[2025-11-23 15:33:46.622] I [OvenMediaEngine:1] APIServer | api_server.cpp:123  | API Server is disabled by configuration
[2025-11-23 15:38:31.162] I [SPRTMP-t1935:26] Provider | stream.cpp:51   | Unknown/(100) has been started stream
[2025-11-23 15:38:31.162] I [SPRTMP-t1935:26] RTMPProvider | rtmp_provider.cpp:210  | A RTMP client has connected from <ClientSocket: 0x7ad2acd4c610, #27, Connected, TCP, Nonblocking, 172.20.0.1:39632>
[2025-11-23 15:38:46.444] I [SPRTMP-t1935:26] MediaRouter | mediarouter_application.cpp:342  | [#default#app/cam1(100)] Trying to create a stream
[2025-11-23 15:38:46.444] I [SPRTMP-t1935:26] Monitor | application_metrics.cpp:58   | Create StreamMetrics(cam1/788eaae4-a301-431c-a58a-701ea6b5fbbf/#default#app/cam1/i) for monitoring
[2025-11-23 15:38:46.444] I [SPRTMP-t1935:26] MediaRouter | mediarouter_application.cpp:456  | [#default#app/cam1(100)] Stream has been created
[2025-11-23 15:38:46.444] I [SPRTMP-t1935:26] Transcoder | transcoder_stream.cpp:73   | [#default#app/cam1(100)] stream has been started
[2025-11-23 15:38:46.445] I [InboundWorker:30] MediaRouter | mediarouter_application.cpp:495  | [#default#app/cam1(100)] Stream has been prepared 
[Stream Info]
id(100), msid(0), output(cam1), SourceType(Rtmp), RepresentationType(Source), Created Time (Sun Nov 23 15:38:31 2025) UUID(788eaae4-a301-431c-a58a-701ea6b5fbbf/#default#app/cam1/i)

	Video Track #0: Public Name(Video_0) Variant Name(Video) Bitrate(292.00Kb) Codec(1,H264,none:0) BSF(AVCC) Resolution(640x352) Framerate(30.00) KeyInterval(1.00/frame) SkipFrames(-1) BFrames(0) timebase(1/1000)
	Data  Track #2: Public Name(Data_2) Variant Name(Data) Codec(0,None,none) BSF(Unknown) timebase(1/1000)
[2025-11-23 15:38:46.445] I [InboundWorker:30] Transcoder | transcoder_stream.cpp:187  | [#default#app/cam1(100)] Using local output profiles by webhook
[2025-11-23 15:38:46.445] I [InboundWorker:30] Transcoder | transcoder_stream.cpp:751  | Rendition(352p) has been created from template in Playlist(default) : video(Video_0/0)
[2025-11-23 15:38:46.445] I [InboundWorker:30] Transcoder | transcoder_stream.cpp:771  | Playlist(default) has been created
[2025-11-23 15:38:46.445] I [InboundWorker:30] Transcoder | transcoder_stream.cpp:772  | Playlist(default) : master
	Default : false
	WebRTC Auto ABR : true
	HLS Chunklist Path Depth : 0
	TS Packaging : true
	352p
		Video Variant : bypass_video
		Video Index Hint : 0
		Audio Variant : 
		Audio Index Hint : -1

[2025-11-23 15:38:46.445] I [InboundWorker:30] Transcoder | transcoder_stream.cpp:558  | [#default#app/cam1(100)] Output stream has been created. [#default#app/cam1(4226455369)]
[2025-11-23 15:38:46.445] I [InboundWorker:30] MediaRouter | mediarouter_application.cpp:342  | [#default#app/cam1(4226455369)] Trying to create a stream
[2025-11-23 15:38:46.445] I [InboundWorker:30] Monitor | application_metrics.cpp:58   | Create StreamMetrics(cam1/788eaae4-a301-431c-a58a-701ea6b5fbbf/#default#app/cam1/o) for monitoring
[2025-11-23 15:38:46.445] I [InboundWorker:30] MediaRouter | mediarouter_application.cpp:456  | [#default#app/cam1(4226455369)] Stream has been created
[2025-11-23 15:38:46.445] I [InboundWorker:30] Publisher | application.cpp:68   | Stream(cam1/4226455369) created on AppWorker (WebRTC / 0)
[2025-11-23 15:38:46.445] I [InboundWorker:30] Publisher | application.cpp:68   | Stream(cam1/4226455369) created on AppWorker (LLHLS / 0)
[2025-11-23 15:38:46.446] I [InboundWorker:30] Publisher | application.cpp:68   | Stream(cam1/4226455369) created on AppWorker (OVT / 0)
[2025-11-23 15:38:46.446] I [InboundWorker:30] Transcoder | transcoder_stream.cpp:232  | No decoder generated
[2025-11-23 15:38:46.446] I [InboundWorker:30] Transcoder | transcoder_stream.cpp:112  | [#default#app/cam1(100)] stream has been prepared
[2025-11-23 15:38:46.447] I [OutboundWorker:31] MediaRouter | mediarouter_application.cpp:495  | [#default#app/cam1(4226455369)] Stream has been prepared 
[Stream Info]
id(4226455369), msid(0), output(cam1), SourceType(Transcoder), RepresentationType(Source), Created Time (Sun Nov 23 15:38:46 2025) UUID(788eaae4-a301-431c-a58a-701ea6b5fbbf/#default#app/cam1/o)
	>> Origin Stream Info
	id(100), output(cam1), SourceType(Rtmp), Created Time (Sun Nov 23 15:38:31 2025)

	Video Track #0: Public Name(Video_0) Variant Name(bypass_video) Bitrate(292.00Kb) Codec(1,H264,Passthrough:0) BSF(AVCC) Resolution(640x352) Framerate(30.00) KeyInterval(1.00/frame) SkipFrames(-1) BFrames(0) timebase(1/1000)
	Data  Track #1: Public Name(Data_2) Variant Name(Data) Codec(0,None,Passthrough) BSF(Unknown) timebase(1/1000)
[2025-11-23 15:38:46.451] I [OutboundWorker:31] WebRTC Publisher | rtc_stream.cpp:237  | WebRTC Stream has been created : cam1/4226455369
Rtx(false) Ulpfec(false) JitterBuffer(false) PlayoutDelay(false min:0 max: 0)
[2025-11-23 15:38:46.451] I [OutboundWorker:31] Publisher | stream.cpp:226  | WebRTC Publisher Application has started [cam1(4226455369)] stream (MSID : 0)
[2025-11-23 15:38:46.451] I [OutboundWorker:31] LLHLS Publisher | llhls_stream.cpp:1340 | LLHlsStream::ComputeOptimalPartDuration() - Video track(0) FrameRate(30.000000) frame_duration_ms(33.333333) optimal_frame_count(15.000000) part_target(500.000000) optimal_part_target(500.000000)
[2025-11-23 15:38:46.452] I [OutboundWorker:31] LLHLS Publisher | llhls_stream.cpp:1353 | LLHlsStream::AddPackager() - Track(0) ChunkDuration(500.000000)
[2025-11-23 15:38:46.452] I [OutboundWorker:31] LLHLS Publisher | llhls_stream.cpp:257  | LLHlsStream has been created : cam1/4226455369
OriginMode(true) Chunk Duration(0.50) Segment Duration(6.00) Segment Count(10) DRM(none)
[2025-11-23 15:38:46.452] I [OutboundWorker:31] Publisher | stream.cpp:226  | LLHLS Publisher Application has started [cam1(4226455369)] stream (MSID : 0)
[2025-11-23 15:38:46.453] I [OutboundWorker:31] Publisher | stream.cpp:226  | OVTPublisher Application has started [cam1(4226455369)] stream (MSID : 0)
[2025-11-23 15:38:46.457] I [AW-LLHLS0:33] LLHLS Publisher | llhls_stream.cpp:1588 | LLHlsStream(#default#app/cam1) - Ready to play : Part Hold Back = 1.500000
[2025-11-23 15:42:25.926] I [SPOvtPub-t9000:20] OVT | ovt_publisher.cpp:183  | OvtProvider is connected : <ClientSocket: 0x7ad2aaa01010, #28, Connected, TCP, Nonblocking, 192.168.1.205:56112>
[2025-11-23 15:42:25.927] C [SPOvtPub-t9000:20] OVT | ovt_publisher.cpp:200  | Unavailable message
[2025-11-23 15:42:25.969] I [SPOvtPub-t9000:20] OVT | ovt_publisher.cpp:183  | OvtProvider is connected : <ClientSocket: 0x7ad2b63fe810, #29, Connected, TCP, Nonblocking, 192.168.1.205:56124>
[2025-11-23 15:42:25.970] I [SPOvtPub-t9000:20] OVT | ovt_publisher.cpp:268  | OvtProvider is disconnected(2) : <ClientSocket: 0x7ad2aaa01010, #28, Disconnected, TCP, Nonblocking, 192.168.1.205:56112>
[2025-11-23 15:42:25.970] C [SPOvtPub-t9000:20] OVT | ovt_publisher.cpp:200  | Unavailable message
[2025-11-23 15:42:45.931] I [SPOvtPub-t9000:20] OVT | ovt_publisher.cpp:268  | OvtProvider is disconnected(2) : <ClientSocket: 0x7ad2b63fe810, #29, Disconnected, TCP, Nonblocking, 192.168.1.205:56124>
[2025-11-23 15:42:45.934] I [SPOvtPub-t9000:20] OVT | ovt_publisher.cpp:183  | OvtProvider is connected : <ClientSocket: 0x7ad2aaa01010, #28, Connected, TCP, Nonblocking, 192.168.1.205:51346>
[2025-11-23 15:42:45.934] C [SPOvtPub-t9000:20] OVT | ovt_publisher.cpp:200  | Unavailable message
[2025-11-23 15:42:50.205] I [SPOvtPub-t9000:20] OVT | ovt_publisher.cpp:268  | OvtProvider is disconnected(2) : <ClientSocket: 0x7ad2aaa01010, #28, Disconnected, TCP, Nonblocking, 192.168.1.205:51346>
[2025-11-23 15:42:50.425] I [SPOvtPub-t9000:20] OVT | ovt_publisher.cpp:183  | OvtProvider is connected : <ClientSocket: 0x7ad2aaa01410, #28, Connected, TCP, Nonblocking, 192.168.1.205:51354>
[2025-11-23 15:42:50.425] C [SPOvtPub-t9000:20] OVT | ovt_publisher.cpp:200  | Unavailable message
[2025-11-23 15:42:50.451] I [SPOvtPub-t9000:20] OVT | ovt_publisher.cpp:268  | OvtProvider is disconnected(2) : <ClientSocket: 0x7ad2aaa01410, #28, Disconnected, TCP, Nonblocking, 192.168.1.205:51354>
[2025-11-23 15:42:50.451] I [SPOvtPub-t9000:20] OVT | ovt_publisher.cpp:183  | OvtProvider is connected : <ClientSocket: 0x7ad2aaa01010, #29, Connected, TCP, Nonblocking, 192.168.1.205:51356>
[2025-11-23 15:42:50.451] C [SPOvtPub-t9000:20] OVT | ovt_publisher.cpp:200  | Unavailable message
[2025-11-23 15:43:10.427] I [SPOvtPub-t9000:20] OVT | ovt_publisher.cpp:268  | OvtProvider is disconnected(2) : <ClientSocket: 0x7ad2aaa01010, #29, Disconnected, TCP, Nonblocking, 192.168.1.205:51356>
[2025-11-23 15:43:10.430] I [SPOvtPub-t9000:20] OVT | ovt_publisher.cpp:183  | OvtProvider is connected : <ClientSocket: 0x7ad2aaa01410, #28, Connected, TCP, Nonblocking, 192.168.1.205:34790>
[2025-11-23 15:43:10.431] C [SPOvtPub-t9000:20] OVT | ovt_publisher.cpp:200  | Unavailable message
[2025-11-23 15:43:31.171] I [SPOvtPub-t9000:20] OVT | ovt_publisher.cpp:268  | OvtProvider is disconnected(2) : <ClientSocket: 0x7ad2aaa01410, #28, Disconnected, TCP, Nonblocking, 192.168.1.205:34790>
[2025-11-23 15:43:31.175] I [SPOvtPub-t9000:20] OVT | ovt_publisher.cpp:183  | OvtProvider is connected : <ClientSocket: 0x7ad2aaa01010, #28, Connected, TCP, Nonblocking, 192.168.1.205:53834>
[2025-11-23 15:43:31.175] C [SPOvtPub-t9000:20] OVT | ovt_publisher.cpp:200  | Unavailable message
[2025-11-23 15:43:52.169] I [SPOvtPub-t9000:20] OVT | ovt_publisher.cpp:268  | OvtProvider is disconnected(2) : <ClientSocket: 0x7ad2aaa01010, #28, Disconnected, TCP, Nonblocking, 192.168.1.205:53834>
[2025-11-23 15:44:59.809] I [SPOvtPub-t9000:20] OVT | ovt_publisher.cpp:183  | OvtProvider is connected : <ClientSocket: 0x7ad2aaa01010, #28, Connected, TCP, Nonblocking, 192.168.1.205:39806>
[2025-11-23 15:44:59.809] C [SPOvtPub-t9000:20] OVT | ovt_publisher.cpp:200  | Unavailable message
[2025-11-23 15:45:46.661] I [SPOvtPub-t9000:20] OVT | ovt_publisher.cpp:268  | OvtProvider is disconnected(2) : <ClientSocket: 0x7ad2aaa01010, #28, Disconnected, TCP, Nonblocking, 192.168.1.205:39806>
[2025-11-23 15:45:46.675] I [SPOvtPub-t9000:20] OVT | ovt_publisher.cpp:183  | OvtProvider is connected : <ClientSocket: 0x7ad2b63fe810, #28, Connected, TCP, Nonblocking, 172.20.0.1:35776>
[2025-11-23 15:45:46.675] C [SPOvtPub-t9000:20] OVT | ovt_publisher.cpp:200  | Unavailable message
[2025-11-23 15:47:25.596] I [SPOvtPub-t9000:20] OVT | ovt_publisher.cpp:268  | OvtProvider is disconnected(2) : <ClientSocket: 0x7ad2b63fe810, #28, Disconnected, TCP, Nonblocking, 172.20.0.1:35776>
[2025-11-23 15:47:40.438] I [SPOvtPub-t9000:20] OVT | ovt_publisher.cpp:183  | OvtProvider is connected : <ClientSocket: 0x7ad2aaa01010, #28, Connected, TCP, Nonblocking, 192.168.1.205:51200>
[2025-11-23 15:47:40.438] C [SPOvtPub-t9000:20] OVT | ovt_publisher.cpp:200  | Unavailable message
[2025-11-23 15:47:52.950] I [SPOvtPub-t9000:20] OVT | ovt_publisher.cpp:268  | OvtProvider is disconnected(2) : <ClientSocket: 0x7ad2aaa01010, #28, Disconnected, TCP, Nonblocking, 192.168.1.205:51200>
[2025-11-23 15:47:52.956] I [SPOvtPub-t9000:20] OVT | ovt_publisher.cpp:183  | OvtProvider is connected : <ClientSocket: 0x7ad2aaa01a10, #28, Connected, TCP, Nonblocking, 192.168.1.205:40690>
[2025-11-23 15:47:52.956] C [SPOvtPub-t9000:20] OVT | ovt_publisher.cpp:200  | Unavailable message
[2025-11-23 15:49:20.509] I [SPOvtPub-t9000:20] OVT | ovt_publisher.cpp:268  | OvtProvider is disconnected(2) : <ClientSocket: 0x7ad2aaa01a10, #28, Disconnected, TCP, Nonblocking, 192.168.1.205:40690>
[2025-11-23 15:49:20.514] I [SPRtcSig-t3333:10] HTTP.Server | http_server.cpp:149  | Client(<ClientSocket: 0x7ad2b2801010, #28, Connected, TCP, Nonblocking, 192.168.1.205:39566>) is connected on *:3333
[2025-11-23 15:49:20.518] I [SPRtcSig-t3333:10] Monitor | stream_metrics.cpp:114  | A new session has started playing #default#app/cam1 on the LLHLS publisher. LLHLS(1)/Stream total(1)/App total(1)
[2025-11-23 15:49:33.289] I [SPRtcSig-t3333:10] HTTP.Server | http_server.cpp:149  | Client(<ClientSocket: 0x7ad2b2801210, #29, Connected, TCP, Nonblocking, 192.168.1.205:51290>) is connected on *:3333
[2025-11-23 15:49:33.290] I [SPRtcSig-t3333:10] Monitor | stream_metrics.cpp:114  | A new session has started playing #default#app/cam1 on the LLHLS publisher. LLHLS(2)/Stream total(2)/App total(2)
[2025-11-23 15:49:33.333] I [SPRtcSig-t3333:10] HTTP.Server | http_server.cpp:149  | Client(<ClientSocket: 0x7ad2b2920810, #30, Connected, TCP, Nonblocking, 192.168.1.205:51304>) is connected on *:3333
[2025-11-23 15:49:33.334] I [SPRtcSig-t3333:10] Monitor | stream_metrics.cpp:114  | A new session has started playing #default#app/cam1 on the LLHLS publisher. LLHLS(3)/Stream total(3)/App total(3)
[2025-11-23 15:50:21.628] I [DQHTTPTimer:11] HTTP.Server | http_connection.cpp:100  | Client(HTTP/1.1 - <ClientSocket: 0x7ad2b2801010, #28, Connected, TCP, Nonblocking, 192.168.1.205:39566>) has timed out
[2025-11-23 15:50:21.629] I [DQHTTPTimer:11] Monitor | stream_metrics.cpp:163  | 1 sessions has been stopped playing #default#app/cam1 on the LLHLS publisher. Concurrent Viewers[LLHLS(2)/Stream total(2)/App total(2)]
[2025-11-23 15:50:21.645] I [SPRtcSig-t3333:10] HTTP.Server | http_server.cpp:216  | Client(<ClientSocket: 0x7ad2b2801010, #28, Closed, TCP, Nonblocking, 192.168.1.205:39566>) has been disconnected by *:3333
[2025-11-23 15:50:59.375] I [SPRTMP-t1935:26] RTMPProvider | rtmp_provider.cpp:238  | The RTMP client has disconnected: [#default#app/cam1], remote: <ClientSocket: 0x7ad2acd4c610, #27, Disconnected, TCP, Nonblocking, 172.20.0.1:39632>
[2025-11-23 15:50:59.376] I [SPRTMP-t1935:26] Provider | stream.cpp:65   | #default#app/cam1(100) has been stopped playing stream
[2025-11-23 15:50:59.376] I [SPRTMP-t1935:26] MediaRouter | mediarouter_application.cpp:584  | [#default#app/cam1(100)] Trying to delete a stream
[2025-11-23 15:50:59.376] I [SPRTMP-t1935:26] Monitor | stream_metrics.cpp:163  | 2 sessions has been stopped playing #default#app/cam1 on the LLHLS publisher. Concurrent Viewers[LLHLS(0)/Stream total(0)/App total(0)]
[2025-11-23 15:50:59.376] I [SPRTMP-t1935:26] Monitor | application_metrics.cpp:70   | Delete StreamMetrics(cam1/788eaae4-a301-431c-a58a-701ea6b5fbbf/#default#app/cam1/i) for monitoring
[2025-11-23 15:50:59.376] I [SPRTMP-t1935:26] Monitor | stream_metrics.cpp:31   | 
[Stream Info]
id(100), msid(0), output(cam1), SourceType(Rtmp), RepresentationType(Source), Created Time (Sun Nov 23 15:38:31 2025) UUID(788eaae4-a301-431c-a58a-701ea6b5fbbf/#default#app/cam1/i)

	Video Track #0: Public Name(Video_0) Variant Name(Video) Bitrate(292.00Kb) Codec(1,H264,none:0) BSF(AVCC) Resolution(640x352) Framerate(30.00) KeyInterval(14.98/frame) SkipFrames(-1) BFrames(0) timebase(1/1000)
	Data  Track #2: Public Name(Data_2) Variant Name(Data) Codec(0,None,none) BSF(Unknown) timebase(1/1000)

	>> Statistics
	Last update time : Sun Nov 23 15:50:59 2025, Last sent time : Sun Nov 23 15:50:59 2025
	Bytes in : 13.71MB, Bytes out : 1.88MB, Concurrent connections : 0, Max connections : 3 (Sun Nov 23 15:49:33 2025)

		>>>> By publisher
		- WebRTC : Bytes out(0B) Concurrent Connections (0)
		- Push : Bytes out(0B) Concurrent Connections (0)
		- LLHLS : Bytes out(1.88MB) Concurrent Connections (0)
		- OVT : Bytes out(0B) Concurrent Connections (0)
		- File : Bytes out(0B) Concurrent Connections (0)
		- Thumbnail : Bytes out(0B) Concurrent Connections (0)
		- HLSv3 : Bytes out(0B) Concurrent Connections (0)
		- SRT : Bytes out(0B) Concurrent Connections (0)

[2025-11-23 15:50:59.376] I [SPRTMP-t1935:26] MediaRouter | mediarouter_application.cpp:584  | [#default#app/cam1(4226455369)] Trying to delete a stream
[2025-11-23 15:50:59.376] I [SPRTMP-t1935:26] Monitor | application_metrics.cpp:70   | Delete StreamMetrics(cam1/788eaae4-a301-431c-a58a-701ea6b5fbbf/#default#app/cam1/o) for monitoring
[2025-11-23 15:50:59.377] I [SPRTMP-t1935:26] Monitor | stream_metrics.cpp:31   | 
[Stream Info]
id(4226455369), msid(0), output(cam1), SourceType(Transcoder), RepresentationType(Source), Created Time (Sun Nov 23 15:38:46 2025) UUID(788eaae4-a301-431c-a58a-701ea6b5fbbf/#default#app/cam1/o)
	>> Origin Stream Info
	id(100), output(cam1), SourceType(Rtmp), Created Time (Sun Nov 23 15:38:31 2025)

	Video Track #0: Public Name(Video_0) Variant Name(bypass_video) Bitrate(292.00Kb) Codec(1,H264,Passthrough:0) BSF(AVCC) Resolution(640x352) Framerate(30.00) KeyInterval(14.98/frame) SkipFrames(-1) BFrames(0) timebase(1/1000)
	Data  Track #1: Public Name(Data_2) Variant Name(Data) Codec(0,None,Passthrough) BSF(Unknown) timebase(1/1000)

	>> Statistics
	Last update time : Sun Nov 23 15:50:59 2025, Last sent time : Sun Nov 23 15:50:59 2025
	Bytes in : 0B, Bytes out : 1.88MB, Concurrent connections : 2, Max connections : 3 (Sun Nov 23 15:49:33 2025)

		>>>> By publisher
		- WebRTC : Bytes out(0B) Concurrent Connections (0)
		- Push : Bytes out(0B) Concurrent Connections (0)
		- LLHLS : Bytes out(1.88MB) Concurrent Connections (2)
		- OVT : Bytes out(0B) Concurrent Connections (0)
		- File : Bytes out(0B) Concurrent Connections (0)
		- Thumbnail : Bytes out(0B) Concurrent Connections (0)
		- HLSv3 : Bytes out(0B) Concurrent Connections (0)
		- SRT : Bytes out(0B) Concurrent Connections (0)

[2025-11-23 15:50:59.377] I [SPRTMP-t1935:26] Publisher | application.cpp:74   | Stream(cam1/4226455369) deleted on AppWorker (WebRTC / 0)
[2025-11-23 15:50:59.377] I [SPRTMP-t1935:26] Publisher | stream.cpp:280  | Try to stop WebRTC Publisher Application stream [cam1(4226455369)]
[2025-11-23 15:50:59.378] I [SPRTMP-t1935:26] Publisher | stream.cpp:296  | [cam1(4226455369)] WebRTC Publisher Application - All StreamWorker has been stopped
[2025-11-23 15:50:59.378] I [SPRTMP-t1935:26] Publisher | stream.cpp:304  | [cam1(4226455369)] WebRTC Publisher Application - Try to stop all sessions (0)
[2025-11-23 15:50:59.378] I [SPRTMP-t1935:26] Publisher | stream.cpp:313  | [cam1(4226455369)] WebRTC Publisher Application stream has been stopped
[2025-11-23 15:50:59.379] I [SPRTMP-t1935:26] Publisher | application.cpp:74   | Stream(cam1/4226455369) deleted on AppWorker (LLHLS / 0)
[2025-11-23 15:50:59.380] I [SPRTMP-t1935:26] Publisher | stream.cpp:280  | Try to stop LLHLS Publisher Application stream [cam1(4226455369)]
[2025-11-23 15:50:59.381] I [SPRTMP-t1935:26] Publisher | stream.cpp:296  | [cam1(4226455369)] LLHLS Publisher Application - All StreamWorker has been stopped
[2025-11-23 15:50:59.381] I [SPRTMP-t1935:26] Publisher | stream.cpp:304  | [cam1(4226455369)] LLHLS Publisher Application - Try to stop all sessions (2)
[2025-11-23 15:50:59.381] I [SPRTMP-t1935:26] Publisher | stream.cpp:313  | [cam1(4226455369)] LLHLS Publisher Application stream has been stopped
[2025-11-23 15:50:59.381] I [SPRTMP-t1935:26] Publisher | application.cpp:74   | Stream(cam1/4226455369) deleted on AppWorker (OVT / 0)
[2025-11-23 15:50:59.381] I [SPRTMP-t1935:26] Publisher | stream.cpp:280  | Try to stop OVTPublisher Application stream [cam1(4226455369)]
[2025-11-23 15:50:59.382] I [SPRTMP-t1935:26] Publisher | stream.cpp:296  | [cam1(4226455369)] OVTPublisher Application - All StreamWorker has been stopped
[2025-11-23 15:50:59.382] I [SPRTMP-t1935:26] Publisher | stream.cpp:304  | [cam1(4226455369)] OVTPublisher Application - Try to stop all sessions (0)
[2025-11-23 15:50:59.382] I [SPRTMP-t1935:26] Publisher | stream.cpp:313  | [cam1(4226455369)] OVTPublisher Application stream has been stopped
[2025-11-23 15:50:59.382] I [SPRTMP-t1935:26] Orchestrator | orchestrator.cpp:674  | #default#app/cam1 stream of outbound is deleted
[2025-11-23 15:50:59.382] I [SPRTMP-t1935:26] Transcoder | transcoder_stream.cpp:162  | [#default#app/cam1(100)] stream has been stopped
[2025-11-23 15:50:59.383] I [SPRTMP-t1935:26] Orchestrator | orchestrator.cpp:674  | #default#app/cam1 stream of inbound is deleted
[2025-11-23 15:51:04.168] I [SPRtcSig-t3333:10] Publisher | publisher.cpp:179  | Try to pull stream from local origin map: [#default#app/cam1]
[2025-11-23 15:51:04.168] I [SPRtcSig-t3333:10] Orchestrator | orchestrator.cpp:1252 | Could not find the origin for the location: /app/cam1
[2025-11-23 15:51:04.168] E [SPRtcSig-t3333:10] Orchestrator | orchestrator.cpp:546  | Could not find Origin for the stream: [#default#app/cam1]
[2025-11-23 15:51:04.168] I [SPRtcSig-t3333:10] Publisher | publisher.cpp:183  | Try to pull stream from origin map store: [#default#app/cam1]
[2025-11-23 15:51:04.168] E [SPRtcSig-t3333:10] LLHLS Publisher | llhls_publisher.cpp:387  | Cannot find stream (#default#app/cam1)
[2025-11-23 15:51:04.169] E [SPRtcSig-t3333:10] HTTP.Server | http_exchange.cpp:44   | 
[Client] HttpConnection(0x7ad2b2920610) : HTTP/1.1 <ClientSocket: 0x7ad2b2920810, #30, Connected, TCP, Nonblocking, 192.168.1.205:51304> TLS(Disabled) (Elapsed: 1) 
[Request] GET http://192.168.1.205:3333/app/cam1/chunklist_0_video_4539991438734328381_llhls.m3u8 (HTTP/1.1, Request Time: 2025-11-23T15:51:04.167+00:00)
[Response] 404 Not Found (95 bytes sent, Response Time: 2025-11-23T15:51:04.168+00:00)
[2025-11-23 15:51:04.171] I [SPRtcSig-t3333:10] HTTP.Server | http_server.cpp:223  | Client(<ClientSocket: 0x7ad2b2801210, #29, Disconnected, TCP, Nonblocking, 192.168.1.205:51290>) has disconnected from *:3333
[2025-11-23 15:51:07.170] I [SPRtcSig-t3333:10] Publisher | publisher.cpp:179  | Try to pull stream from local origin map: [#default#app/cam1]
[2025-11-23 15:51:07.170] I [SPRtcSig-t3333:10] Orchestrator | orchestrator.cpp:1252 | Could not find the origin for the location: /app/cam1
[2025-11-23 15:51:07.170] E [SPRtcSig-t3333:10] Orchestrator | orchestrator.cpp:546  | Could not find Origin for the stream: [#default#app/cam1]
[2025-11-23 15:51:07.170] I [SPRtcSig-t3333:10] Publisher | publisher.cpp:183  | Try to pull stream from origin map store: [#default#app/cam1]
[2025-11-23 15:51:07.170] E [SPRtcSig-t3333:10] LLHLS Publisher | llhls_publisher.cpp:387  | Cannot find stream (#default#app/cam1)
[2025-11-23 15:51:07.170] E [SPRtcSig-t3333:10] HTTP.Server | http_exchange.cpp:44   | 
[Client] HttpConnection(0x7ad2b2920610) : HTTP/1.1 <ClientSocket: 0x7ad2b2920810, #30, Connected, TCP, Nonblocking, 192.168.1.205:51304> TLS(Disabled) (Elapsed: 1) 
[Request] GET http://192.168.1.205:3333/app/cam1/chunklist_0_video_4539991438734328381_llhls.m3u8 (HTTP/1.1, Request Time: 2025-11-23T15:51:07.169+00:00)
[Response] 404 Not Found (95 bytes sent, Response Time: 2025-11-23T15:51:07.170+00:00)
[2025-11-23 15:52:11.632] I [DQHTTPTimer:11] HTTP.Server | http_connection.cpp:100  | Client(HTTP/1.1 - <ClientSocket: 0x7ad2b2920810, #30, Connected, TCP, Nonblocking, 192.168.1.205:51304>) has timed out
[2025-11-23 15:52:11.685] I [SPRtcSig-t3333:10] HTTP.Server | http_server.cpp:216  | Client(<ClientSocket: 0x7ad2b2920810, #30, Closed, TCP, Nonblocking, 192.168.1.205:51304>) has been disconnected by *:3333
[2025-11-23 15:58:12.814] I [SPRTMP-t1935:26] Provider | stream.cpp:51   | Unknown/(101) has been started stream
[2025-11-23 15:58:12.814] I [SPRTMP-t1935:26] RTMPProvider | rtmp_provider.cpp:210  | A RTMP client has connected from <ClientSocket: 0x7ad2a687a410, #27, Connected, TCP, Nonblocking, 172.20.0.1:52234>
[2025-11-23 15:58:29.454] I [SPRTMP-t1935:26] MediaRouter | mediarouter_application.cpp:342  | [#default#app/cam1(101)] Trying to create a stream
[2025-11-23 15:58:29.454] I [SPRTMP-t1935:26] Monitor | application_metrics.cpp:58   | Create StreamMetrics(cam1/788eaae4-a301-431c-a58a-701ea6b5fbbf/#default#app/cam1/i) for monitoring
[2025-11-23 15:58:29.454] I [SPRTMP-t1935:26] MediaRouter | mediarouter_application.cpp:456  | [#default#app/cam1(101)] Stream has been created
[2025-11-23 15:58:29.454] I [SPRTMP-t1935:26] Transcoder | transcoder_stream.cpp:73   | [#default#app/cam1(101)] stream has been started
[2025-11-23 15:58:29.455] I [InboundWorker:30] MediaRouter | mediarouter_application.cpp:495  | [#default#app/cam1(101)] Stream has been prepared 
[Stream Info]
id(101), msid(0), output(cam1), SourceType(Rtmp), RepresentationType(Source), Created Time (Sun Nov 23 15:58:12 2025) UUID(788eaae4-a301-431c-a58a-701ea6b5fbbf/#default#app/cam1/i)

	Video Track #0: Public Name(Video_0) Variant Name(Video) Bitrate(292.00Kb) Codec(1,H264,none:0) BSF(AVCC) Resolution(640x352) Framerate(30.00) KeyInterval(1.00/frame) SkipFrames(-1) BFrames(0) timebase(1/1000)
	Data  Track #2: Public Name(Data_2) Variant Name(Data) Codec(0,None,none) BSF(Unknown) timebase(1/1000)
[2025-11-23 15:58:29.455] I [InboundWorker:30] Transcoder | transcoder_stream.cpp:187  | [#default#app/cam1(101)] Using local output profiles by webhook
[2025-11-23 15:58:29.456] I [InboundWorker:30] Transcoder | transcoder_stream.cpp:751  | Rendition(352p) has been created from template in Playlist(default) : video(Video_0/0)
[2025-11-23 15:58:29.456] I [InboundWorker:30] Transcoder | transcoder_stream.cpp:771  | Playlist(default) has been created
[2025-11-23 15:58:29.456] I [InboundWorker:30] Transcoder | transcoder_stream.cpp:772  | Playlist(default) : master
	Default : false
	WebRTC Auto ABR : true
	HLS Chunklist Path Depth : 0
	TS Packaging : true
	352p
		Video Variant : bypass_video
		Video Index Hint : 0
		Audio Variant : 
		Audio Index Hint : -1

[2025-11-23 15:58:29.456] I [InboundWorker:30] Transcoder | transcoder_stream.cpp:558  | [#default#app/cam1(101)] Output stream has been created. [#default#app/cam1(922289909)]
[2025-11-23 15:58:29.456] I [InboundWorker:30] MediaRouter | mediarouter_application.cpp:342  | [#default#app/cam1(922289909)] Trying to create a stream
[2025-11-23 15:58:29.456] I [InboundWorker:30] Monitor | application_metrics.cpp:58   | Create StreamMetrics(cam1/788eaae4-a301-431c-a58a-701ea6b5fbbf/#default#app/cam1/o) for monitoring
[2025-11-23 15:58:29.456] I [InboundWorker:30] MediaRouter | mediarouter_application.cpp:456  | [#default#app/cam1(922289909)] Stream has been created
[2025-11-23 15:58:29.456] I [InboundWorker:30] Publisher | application.cpp:68   | Stream(cam1/922289909) created on AppWorker (WebRTC / 0)
[2025-11-23 15:58:29.456] I [InboundWorker:30] Publisher | application.cpp:68   | Stream(cam1/922289909) created on AppWorker (LLHLS / 0)
[2025-11-23 15:58:29.456] I [InboundWorker:30] Publisher | application.cpp:68   | Stream(cam1/922289909) created on AppWorker (OVT / 0)
[2025-11-23 15:58:29.456] I [InboundWorker:30] Transcoder | transcoder_stream.cpp:232  | No decoder generated
[2025-11-23 15:58:29.456] I [InboundWorker:30] Transcoder | transcoder_stream.cpp:112  | [#default#app/cam1(101)] stream has been prepared
[2025-11-23 15:58:29.456] I [OutboundWorker:31] MediaRouter | mediarouter_application.cpp:495  | [#default#app/cam1(922289909)] Stream has been prepared 
[Stream Info]
id(922289909), msid(0), output(cam1), SourceType(Transcoder), RepresentationType(Source), Created Time (Sun Nov 23 15:58:29 2025) UUID(788eaae4-a301-431c-a58a-701ea6b5fbbf/#default#app/cam1/o)
	>> Origin Stream Info
	id(101), output(cam1), SourceType(Rtmp), Created Time (Sun Nov 23 15:58:12 2025)

	Video Track #0: Public Name(Video_0) Variant Name(bypass_video) Bitrate(292.00Kb) Codec(1,H264,Passthrough:0) BSF(AVCC) Resolution(640x352) Framerate(30.00) KeyInterval(1.00/frame) SkipFrames(-1) BFrames(0) timebase(1/1000)
	Data  Track #1: Public Name(Data_2) Variant Name(Data) Codec(0,None,Passthrough) BSF(Unknown) timebase(1/1000)
[2025-11-23 15:58:29.457] I [OutboundWorker:31] WebRTC Publisher | rtc_stream.cpp:237  | WebRTC Stream has been created : cam1/922289909
Rtx(false) Ulpfec(false) JitterBuffer(false) PlayoutDelay(false min:0 max: 0)
[2025-11-23 15:58:29.457] I [OutboundWorker:31] Publisher | stream.cpp:226  | WebRTC Publisher Application has started [cam1(922289909)] stream (MSID : 0)
[2025-11-23 15:58:29.458] I [OutboundWorker:31] LLHLS Publisher | llhls_stream.cpp:1340 | LLHlsStream::ComputeOptimalPartDuration() - Video track(0) FrameRate(30.000000) frame_duration_ms(33.333333) optimal_frame_count(15.000000) part_target(500.000000) optimal_part_target(500.000000)
[2025-11-23 15:58:29.458] I [OutboundWorker:31] LLHLS Publisher | llhls_stream.cpp:1353 | LLHlsStream::AddPackager() - Track(0) ChunkDuration(500.000000)
[2025-11-23 15:58:29.458] I [OutboundWorker:31] LLHLS Publisher | llhls_stream.cpp:257  | LLHlsStream has been created : cam1/922289909
OriginMode(true) Chunk Duration(0.50) Segment Duration(6.00) Segment Count(10) DRM(none)
[2025-11-23 15:58:29.458] I [OutboundWorker:31] Publisher | stream.cpp:226  | LLHLS Publisher Application has started [cam1(922289909)] stream (MSID : 0)
[2025-11-23 15:58:29.459] I [OutboundWorker:31] Publisher | stream.cpp:226  | OVTPublisher Application has started [cam1(922289909)] stream (MSID : 0)
[2025-11-23 15:58:29.465] I [AW-LLHLS0:33] LLHLS Publisher | llhls_stream.cpp:1588 | LLHlsStream(#default#app/cam1) - Ready to play : Part Hold Back = 1.500000
[2025-11-23 16:00:17.338] I [SPRTMP-t1935:26] RTMPProvider | rtmp_provider.cpp:238  | The RTMP client has disconnected: [#default#app/cam1], remote: <ClientSocket: 0x7ad2a687a410, #27, Disconnected, TCP, Nonblocking, 172.20.0.1:52234>
[2025-11-23 16:00:17.339] I [SPRTMP-t1935:26] Provider | stream.cpp:65   | #default#app/cam1(101) has been stopped playing stream
[2025-11-23 16:00:17.339] I [SPRTMP-t1935:26] MediaRouter | mediarouter_application.cpp:584  | [#default#app/cam1(101)] Trying to delete a stream
[2025-11-23 16:00:17.339] I [SPRTMP-t1935:26] Monitor | application_metrics.cpp:70   | Delete StreamMetrics(cam1/788eaae4-a301-431c-a58a-701ea6b5fbbf/#default#app/cam1/i) for monitoring
[2025-11-23 16:00:17.340] I [SPRTMP-t1935:26] Monitor | stream_metrics.cpp:31   | 
[Stream Info]
id(101), msid(0), output(cam1), SourceType(Rtmp), RepresentationType(Source), Created Time (Sun Nov 23 15:58:12 2025) UUID(788eaae4-a301-431c-a58a-701ea6b5fbbf/#default#app/cam1/i)

	Video Track #0: Public Name(Video_0) Variant Name(Video) Bitrate(292.00Kb) Codec(1,H264,none:0) BSF(AVCC) Resolution(640x352) Framerate(30.00) KeyInterval(14.89/frame) SkipFrames(-1) BFrames(0) timebase(1/1000)
	Data  Track #2: Public Name(Data_2) Variant Name(Data) Codec(0,None,none) BSF(Unknown) timebase(1/1000)

	>> Statistics
	Last update time : Sun Nov 23 16:00:17 2025, Last sent time : Sun Nov 23 15:58:29 2025
	Bytes in : 2.28MB, Bytes out : 0B, Concurrent connections : 0, Max connections : 0 (Sun Nov 23 15:58:29 2025)

		>>>> By publisher
		- WebRTC : Bytes out(0B) Concurrent Connections (0)
		- Push : Bytes out(0B) Concurrent Connections (0)
		- LLHLS : Bytes out(0B) Concurrent Connections (0)
		- OVT : Bytes out(0B) Concurrent Connections (0)
		- File : Bytes out(0B) Concurrent Connections (0)
		- Thumbnail : Bytes out(0B) Concurrent Connections (0)
		- HLSv3 : Bytes out(0B) Concurrent Connections (0)
		- SRT : Bytes out(0B) Concurrent Connections (0)

[2025-11-23 16:00:17.340] I [SPRTMP-t1935:26] MediaRouter | mediarouter_application.cpp:584  | [#default#app/cam1(922289909)] Trying to delete a stream
[2025-11-23 16:00:17.340] I [SPRTMP-t1935:26] Monitor | application_metrics.cpp:70   | Delete StreamMetrics(cam1/788eaae4-a301-431c-a58a-701ea6b5fbbf/#default#app/cam1/o) for monitoring
[2025-11-23 16:00:17.340] I [SPRTMP-t1935:26] Monitor | stream_metrics.cpp:31   | 
[Stream Info]
id(922289909), msid(0), output(cam1), SourceType(Transcoder), RepresentationType(Source), Created Time (Sun Nov 23 15:58:29 2025) UUID(788eaae4-a301-431c-a58a-701ea6b5fbbf/#default#app/cam1/o)
	>> Origin Stream Info
	id(101), output(cam1), SourceType(Rtmp), Created Time (Sun Nov 23 15:58:12 2025)

	Video Track #0: Public Name(Video_0) Variant Name(bypass_video) Bitrate(292.00Kb) Codec(1,H264,Passthrough:0) BSF(AVCC) Resolution(640x352) Framerate(30.00) KeyInterval(14.89/frame) SkipFrames(-1) BFrames(0) timebase(1/1000)
	Data  Track #1: Public Name(Data_2) Variant Name(Data) Codec(0,None,Passthrough) BSF(Unknown) timebase(1/1000)

	>> Statistics
	Last update time : Sun Nov 23 15:58:29 2025, Last sent time : Sun Nov 23 15:58:29 2025
	Bytes in : 0B, Bytes out : 0B, Concurrent connections : 0, Max connections : 0 (Sun Nov 23 15:58:29 2025)

		>>>> By publisher
		- WebRTC : Bytes out(0B) Concurrent Connections (0)
		- Push : Bytes out(0B) Concurrent Connections (0)
		- LLHLS : Bytes out(0B) Concurrent Connections (0)
		- OVT : Bytes out(0B) Concurrent Connections (0)
		- File : Bytes out(0B) Concurrent Connections (0)
		- Thumbnail : Bytes out(0B) Concurrent Connections (0)
		- HLSv3 : Bytes out(0B) Concurrent Connections (0)
		- SRT : Bytes out(0B) Concurrent Connections (0)

[2025-11-23 16:00:17.341] I [SPRTMP-t1935:26] Publisher | application.cpp:74   | Stream(cam1/922289909) deleted on AppWorker (WebRTC / 0)
[2025-11-23 16:00:17.341] I [SPRTMP-t1935:26] Publisher | stream.cpp:280  | Try to stop WebRTC Publisher Application stream [cam1(922289909)]
[2025-11-23 16:00:17.343] I [SPRTMP-t1935:26] Publisher | stream.cpp:296  | [cam1(922289909)] WebRTC Publisher Application - All StreamWorker has been stopped
[2025-11-23 16:00:17.343] I [SPRTMP-t1935:26] Publisher | stream.cpp:304  | [cam1(922289909)] WebRTC Publisher Application - Try to stop all sessions (0)
[2025-11-23 16:00:17.343] I [SPRTMP-t1935:26] Publisher | stream.cpp:313  | [cam1(922289909)] WebRTC Publisher Application stream has been stopped
[2025-11-23 16:00:17.343] I [SPRTMP-t1935:26] Publisher | application.cpp:74   | Stream(cam1/922289909) deleted on AppWorker (LLHLS / 0)
[2025-11-23 16:00:17.344] I [SPRTMP-t1935:26] Publisher | stream.cpp:280  | Try to stop LLHLS Publisher Application stream [cam1(922289909)]
[2025-11-23 16:00:17.345] I [SPRTMP-t1935:26] Publisher | stream.cpp:296  | [cam1(922289909)] LLHLS Publisher Application - All StreamWorker has been stopped
[2025-11-23 16:00:17.345] I [SPRTMP-t1935:26] Publisher | stream.cpp:304  | [cam1(922289909)] LLHLS Publisher Application - Try to stop all sessions (0)
[2025-11-23 16:00:17.345] I [SPRTMP-t1935:26] Publisher | stream.cpp:313  | [cam1(922289909)] LLHLS Publisher Application stream has been stopped
[2025-11-23 16:00:17.345] I [SPRTMP-t1935:26] Publisher | application.cpp:74   | Stream(cam1/922289909) deleted on AppWorker (OVT / 0)
[2025-11-23 16:00:17.345] I [SPRTMP-t1935:26] Publisher | stream.cpp:280  | Try to stop OVTPublisher Application stream [cam1(922289909)]
[2025-11-23 16:00:17.346] I [SPRTMP-t1935:26] Publisher | stream.cpp:296  | [cam1(922289909)] OVTPublisher Application - All StreamWorker has been stopped
[2025-11-23 16:00:17.346] I [SPRTMP-t1935:26] Publisher | stream.cpp:304  | [cam1(922289909)] OVTPublisher Application - Try to stop all sessions (0)
[2025-11-23 16:00:17.346] I [SPRTMP-t1935:26] Publisher | stream.cpp:313  | [cam1(922289909)] OVTPublisher Application stream has been stopped
[2025-11-23 16:00:17.346] I [SPRTMP-t1935:26] Orchestrator | orchestrator.cpp:674  | #default#app/cam1 stream of outbound is deleted
[2025-11-23 16:00:17.346] I [SPRTMP-t1935:26] Transcoder | transcoder_stream.cpp:162  | [#default#app/cam1(101)] stream has been stopped
[2025-11-23 16:00:17.347] I [SPRTMP-t1935:26] Orchestrator | orchestrator.cpp:674  | #default#app/cam1 stream of inbound is deleted
[2025-11-23 16:00:39.452] W [OvenMediaEngine:1] OvenMediaEngine | signals.cpp:343  | Caught terminate signal 15. OME is terminating...
[2025-11-23 16:00:39.452] I [OvenMediaEngine:1] Monitor | server_metrics.cpp:80   | Delete HostMetrics(default/788eaae4-a301-431c-a58a-701ea6b5fbbf/#default#) for monitoring
[2025-11-23 16:00:39.452] I [OvenMediaEngine:1] Orchestrator | orchestrator.cpp:277  | Trying to delete an application: [#default#app] (0)
[2025-11-23 16:00:39.452] I [OvenMediaEngine:1] MediaRouter | mediarouter_application.cpp:243  | Unregistered observer. app(#default#app) type(3)
[2025-11-23 16:00:39.452] I [OvenMediaEngine:1] MediaRouter | mediarouter_application.cpp:205  | Unregistered connector. app(#default#app) type(0)
[2025-11-23 16:00:39.452] I [OvenMediaEngine:1] Provider | application.cpp:61   | ScheduledProvider has deleted [#default#app] application
[2025-11-23 16:00:39.453] I [OvenMediaEngine:1] MediaRouter | mediarouter_application.cpp:205  | Unregistered connector. app(#default#app) type(0)
[2025-11-23 16:00:39.548] I [OvenMediaEngine:1] Provider | application.cpp:61   | RTSPCProvider has deleted [#default#app] application
[2025-11-23 16:00:39.549] I [OvenMediaEngine:1] MediaRouter | mediarouter_application.cpp:205  | Unregistered connector. app(#default#app) type(0)
[2025-11-23 16:00:39.606] I [OvenMediaEngine:1] Provider | application.cpp:61   | OVTProvider has deleted [#default#app] application
[2025-11-23 16:00:39.606] I [OvenMediaEngine:1] MediaRouter | mediarouter_application.cpp:205  | Unregistered connector. app(#default#app) type(0)
[2025-11-23 16:00:39.606] I [OvenMediaEngine:1] Provider | application.cpp:61   | RTMPProvider has deleted [#default#app] application
[2025-11-23 16:00:39.607] I [OvenMediaEngine:1] MediaRouter | mediarouter_application.cpp:205  | Unregistered connector. app(#default#app) type(0)
[2025-11-23 16:00:39.607] I [OvenMediaEngine:1] Provider | application.cpp:61   | SrtProvider has deleted [#default#app] application
[2025-11-23 16:00:39.607] I [OvenMediaEngine:1] MediaRouter | mediarouter_application.cpp:205  | Unregistered connector. app(#default#app) type(0)
[2025-11-23 16:00:39.607] I [OvenMediaEngine:1] Provider | application.cpp:61   | WebRTCProvider has deleted [#default#app] application
[2025-11-23 16:00:39.607] I [OvenMediaEngine:1] MediaRouter | mediarouter_application.cpp:243  | Unregistered observer. app(#default#app) type(1)
[2025-11-23 16:00:39.607] I [OvenMediaEngine:1] MediaRouter | mediarouter_application.cpp:205  | Unregistered connector. app(#default#app) type(1)
[2025-11-23 16:00:39.607] I [OvenMediaEngine:1] Transcoder | transcoder.cpp:133  | Transcoder has deleted [config][#default#app] application
[2025-11-23 16:00:39.607] I [OvenMediaEngine:1] Transcoder | transcoder_application.cpp:39   | Transcoder application has been destroyed. [#default#app]
[2025-11-23 16:00:39.607] I [OvenMediaEngine:1] Publisher | application.cpp:245  | OVTPublisher Application has deleted [#default#app] application
[2025-11-23 16:00:39.607] I [OvenMediaEngine:1] MediaRouter | mediarouter_application.cpp:243  | Unregistered observer. app(#default#app) type(0)
[2025-11-23 16:00:39.607] I [OvenMediaEngine:1] Publisher | application.cpp:245  | OVTPublisher Application has deleted [#default#app] application
[2025-11-23 16:00:39.607] I [OvenMediaEngine:1] Publisher | application.cpp:245  | OVTPublisher Application has deleted [#default#app] application
[2025-11-23 16:00:39.608] I [OvenMediaEngine:1] Publisher | application.cpp:245  | LLHLS Publisher Application has deleted [#default#app] application
[2025-11-23 16:00:39.608] I [OvenMediaEngine:1] MediaRouter | mediarouter_application.cpp:243  | Unregistered observer. app(#default#app) type(0)
[2025-11-23 16:00:39.608] I [OvenMediaEngine:1] Publisher | application.cpp:245  | LLHLS Publisher Application has deleted [#default#app] application
[2025-11-23 16:00:39.608] I [OvenMediaEngine:1] Publisher | application.cpp:245  | LLHLS Publisher Application has deleted [#default#app] application
[2025-11-23 16:00:39.608] I [OvenMediaEngine:1] Publisher | application.cpp:245  | WebRTC Publisher Application has deleted [#default#app] application
[2025-11-23 16:00:39.608] I [OvenMediaEngine:1] MediaRouter | mediarouter_application.cpp:243  | Unregistered observer. app(#default#app) type(0)
[2025-11-23 16:00:39.608] I [OvenMediaEngine:1] Publisher | application.cpp:245  | WebRTC Publisher Application has deleted [#default#app] application
[2025-11-23 16:00:39.608] I [OvenMediaEngine:1] Publisher | application.cpp:245  | WebRTC Publisher Application has deleted [#default#app] application
[2025-11-23 16:00:39.608] I [OvenMediaEngine:1] MediaRouter | mediarouter_application.cpp:73   | [#default#app(0)] Destroyed Mediarouter application. worker(1)
[2025-11-23 16:00:39.609] I [OvenMediaEngine:1] MediaRouter | mediarouter.cpp:101  | Mediarouter has been destroyed. app(#default#app)
[2025-11-23 16:00:39.609] I [OvenMediaEngine:1] OvenMediaEngine | main.cpp:179  | Trying to release WebRTC Provider...
[2025-11-23 16:00:39.706] I [OvenMediaEngine:1] Provider | provider.cpp:61   | WebRTCProvider has been stopped.
[2025-11-23 16:00:39.707] I [OvenMediaEngine:1] OvenMediaEngine | main.cpp:181  | Trying to release SRT Provider...
[2025-11-23 16:00:39.807] I [OvenMediaEngine:1] Provider | provider.cpp:61   | SrtProvider has been stopped.
[2025-11-23 16:00:39.807] I [OvenMediaEngine:1] OvenMediaEngine | main.cpp:182  | Trying to release RTMP Provider...
[2025-11-23 16:00:39.891] I [OvenMediaEngine:1] Provider | provider.cpp:61   | RTMPProvider has been stopped.
[2025-11-23 16:00:39.891] I [OvenMediaEngine:1] OvenMediaEngine | main.cpp:183  | Trying to release OVT Provider...
[2025-11-23 16:00:39.892] I [OvenMediaEngine:1] Provider | provider.cpp:61   | OVTProvider has been stopped.
[2025-11-23 16:00:39.892] I [OvenMediaEngine:1] OvenMediaEngine | main.cpp:184  | Trying to release RTSPC Provider...
[2025-11-23 16:00:39.892] I [OvenMediaEngine:1] Provider | provider.cpp:61   | RTSPCProvider has been stopped.
[2025-11-23 16:00:39.892] I [OvenMediaEngine:1] OvenMediaEngine | main.cpp:185  | Trying to release File Provider...
[2025-11-23 16:00:39.892] I [OvenMediaEngine:1] Provider | provider.cpp:61   | FileProvider has been stopped.
[2025-11-23 16:00:39.892] I [OvenMediaEngine:1] OvenMediaEngine | main.cpp:186  | Trying to release Scheduled Provider...
[2025-11-23 16:00:39.892] I [OvenMediaEngine:1] Provider | provider.cpp:61   | ScheduledProvider has been stopped.
[2025-11-23 16:00:39.892] I [OvenMediaEngine:1] OvenMediaEngine | main.cpp:187  | Trying to release Multiplex Provider...
[2025-11-23 16:00:39.893] I [OvenMediaEngine:1] Provider | provider.cpp:61   | MultiplexProvider has been stopped.
[2025-11-23 16:00:39.893] I [OvenMediaEngine:1] OvenMediaEngine | main.cpp:191  | Trying to release Transcoder...
[2025-11-23 16:00:39.893] I [OvenMediaEngine:1] Transcoder | transcoder_gpu.cpp:94   | Trying to release Transcoder GPU resources
[2025-11-23 16:00:39.893] I [OvenMediaEngine:1] OvenMediaEngine | main.cpp:193  | Trying to release WebRTC Publisher...
[2025-11-23 16:00:39.893] I [OvenMediaEngine:1] Publisher | publisher.cpp:42   | WebRTC Publisher has been stopped.
[2025-11-23 16:00:39.893] I [OvenMediaEngine:1] OvenMediaEngine | main.cpp:194  | Trying to release LLHLS Publisher...
[2025-11-23 16:00:39.893] I [OvenMediaEngine:1] Publisher | publisher.cpp:42   | LLHLS Publisher has been stopped.
[2025-11-23 16:00:39.893] I [OvenMediaEngine:1] OvenMediaEngine | main.cpp:195  | Trying to release OVT Publisher...
[2025-11-23 16:00:39.952] I [OvenMediaEngine:1] Publisher | publisher.cpp:42   | OVTPublisher has been stopped.
[2025-11-23 16:00:39.953] I [OvenMediaEngine:1] OvenMediaEngine | main.cpp:196  | Trying to release File Publisher...
[2025-11-23 16:00:39.953] I [OvenMediaEngine:1] Publisher | publisher.cpp:42   | FilePublisher has been stopped.
[2025-11-23 16:00:39.953] I [OvenMediaEngine:1] OvenMediaEngine | main.cpp:197  | Trying to release Push Publisher...
[2025-11-23 16:00:39.953] I [OvenMediaEngine:1] Publisher | publisher.cpp:42   | PushPublisher has been stopped.
[2025-11-23 16:00:39.953] I [OvenMediaEngine:1] OvenMediaEngine | main.cpp:202  | Trying to release MediaRouter...
[2025-11-23 16:00:39.953] I [OvenMediaEngine:1] MediaRouter | mediarouter.cpp:49   | Mediarouter has been stopped.
[2025-11-23 16:00:39.953] I [OvenMediaEngine:1] OvenMediaEngine | main.cpp:359  | Uninitializing TCP socket pool...
[2025-11-23 16:00:39.954] I [OvenMediaEngine:1] OvenMediaEngine | main.cpp:361  | Uninitializing UDP socket pool...
[2025-11-23 16:00:40.022] I [OvenMediaEngine:1] OvenMediaEngine | main.cpp:364  | OvenMediaEngine will be terminated
[2025-11-23 16:00:40.023] I [OvenMediaEngine:1] Provider | provider.cpp:61   | FileProvider has been stopped.
[2025-11-23 16:00:40.023] I [OvenMediaEngine:1] Provider | provider.cpp:61   | RTSPCProvider has been stopped.
[2025-11-23 16:00:40.024] I [OvenMediaEngine:1] Provider | provider.cpp:61   | OVTProvider has been stopped.
[2025-11-23 16:00:40.024] I [OvenMediaEngine:1] RTMPProvider | rtmp_provider.cpp:72   | Terminated Rtmp Provider module.
[2025-11-23 16:00:40.025] I [OvenMediaEngine:1] SrtProvider | srt_provider.cpp:40   | Terminated SRT Provider module.
[2025-11-23 16:00:41.121] I [OvenMediaEngine:1] Config | config_manager.cpp:233  | Trying to set logfile in directory... (/var/log/ovenmediaengine)
[2025-11-23 16:00:41.121] I [OvenMediaEngine:1] Config | config_manager.cpp:255  | Trying to load configurations... (origin_conf/Server.xml)
[2025-11-23 16:00:41.128] I [OvenMediaEngine:1] OvenMediaEngine | banner.cpp:23   | OvenMediaEngine v0.19.0 (v0.19.0) is started on [3fa1d29aefe3] (Linux x86_64 - 6.8.0-87-generic, #88~22.04.1-Ubuntu SMP PREEMPT_DYNAMIC Tue Oct 14 14:03:14 UTC 2)
[2025-11-23 16:00:41.128] I [OvenMediaEngine:1] OvenMediaEngine | banner.cpp:27   | With modules:
[2025-11-23 16:00:41.128] I [OvenMediaEngine:1] OvenMediaEngine | banner.cpp:28   |   FFmpeg 5.1.4
[2025-11-23 16:00:41.128] I [OvenMediaEngine:1] OvenMediaEngine | banner.cpp:29   |     Configuration: --prefix=/opt/ovenmediaengine --extra-cflags='-I/opt/ovenmediaengine/include ' --extra-ldflags=' -L/opt/ovenmediaengine/lib -Wl,-rpath,/opt/ovenmediaengine/lib -Wl,--disable-new-dtags' --extra-libs=-ldl --enable-gpl --enable-nonfree --disable-everything --disable-programs --disable-avdevice --disable-dwt --disable-lsp --disable-faan --disable-pixelutils --enable-shared --enable-zlib --enable-libopus --enable-libvpx --enable-libfdk_aac --enable-libopenh264 --enable-openssl --enable-network --enable-libsrt --enable-dct --enable-rdft --enable-libwebp --disable-nvdec --disable-nvdec --disable-vaapi --disable-vdpau --disable-cuda-llvm --disable-cuvid --disable-ffnvcodec --enable-libx264 --enable-encoder='libvpx_vp8,libopus,libfdk_aac,libopenh264,mjpeg,png,libwebp,libx264' --enable-decoder='aac,aac_latm,aac_fixed,mp3float,mp3,h264,hevc,opus,vp8' --enable-parser='aac,aac_latm,aac_fixed,h264,hevc,opus,vp8' --enable-protocol='tcp,udp,rtp,file,rtmp,tls,rtmps,libsrt' --enable-demuxer='rtsp,flv,live_flv,mp4,mp3' --enable-muxer='mp4,webm,mpegts,flv,mpjpeg' --enable-filter='asetnsamples,aresample,aformat,channelmap,channelsplit,scale,transpose,fps,settb,asettb,crop,format'
[2025-11-23 16:00:41.128] I [OvenMediaEngine:1] OvenMediaEngine | banner.cpp:30   |     libavformat: 59.27.100
[2025-11-23 16:00:41.128] I [OvenMediaEngine:1] OvenMediaEngine | banner.cpp:31   |     libavcodec: 59.37.100
[2025-11-23 16:00:41.128] I [OvenMediaEngine:1] OvenMediaEngine | banner.cpp:32   |     libavutil: 57.28.100
[2025-11-23 16:00:41.128] I [OvenMediaEngine:1] OvenMediaEngine | banner.cpp:33   |     libavfilter: 8.44.100
[2025-11-23 16:00:41.128] I [OvenMediaEngine:1] OvenMediaEngine | banner.cpp:34   |     libswresample: 4.7.100
[2025-11-23 16:00:41.128] I [OvenMediaEngine:1] OvenMediaEngine | banner.cpp:35   |     libswscale: 6.7.100
[2025-11-23 16:00:41.128] I [OvenMediaEngine:1] OvenMediaEngine | banner.cpp:36   |   SRT: 1.5.2
[2025-11-23 16:00:41.128] I [OvenMediaEngine:1] OvenMediaEngine | banner.cpp:37   |   SRTP: libsrtp2 2.4.2
[2025-11-23 16:00:41.128] I [OvenMediaEngine:1] OvenMediaEngine | banner.cpp:38   |   OpenSSL: OpenSSL 3.0.7 1 Nov 2022
[2025-11-23 16:00:41.128] I [OvenMediaEngine:1] OvenMediaEngine | banner.cpp:39   |     Configuration: compiler: gcc -fPIC -pthread -m64 -Wa,--noexecstack -Wall -O3 -DOPENSSL_USE_NODELETE -DL_ENDIAN -DOPENSSL_PIC -DOPENSSL_BUILDING_OPENSSL -DNDEBUG
[2025-11-23 16:00:41.128] I [OvenMediaEngine:1] OvenMediaEngine | banner.cpp:40   |   JsonCpp: 1.9.3
[2025-11-23 16:00:41.128] I [OvenMediaEngine:1] OvenMediaEngine | banner.cpp:41   |   jemalloc: 5.3.0-0-g54eaed1d8b56b1aa528be3bdd1877e59c56fa90c
[2025-11-23 16:00:41.128] I [OvenMediaEngine:1] OvenMediaEngine | banner.cpp:42   |   spdlog: 1.15.1
[2025-11-23 16:00:41.128] I [OvenMediaEngine:1] OvenMediaEngine | main.cpp:73   | Server ID : 788eaae4-a301-431c-a58a-701ea6b5fbbf
[2025-11-23 16:00:41.845] I [OvenMediaEngine:1] OvenMediaEngine | main.cpp:91   | Resolved public IP address (110.139.54.93) from stun server (stun.ovenmediaengine.com:13478)
[2025-11-23 16:00:41.846] I [OvenMediaEngine:1] OvenMediaEngine | main.cpp:109  | This host supports IPv4 and IPv6
[2025-11-23 16:00:41.859] I [OvenMediaEngine:1] OvenMediaEngine | main.cpp:126  | Trying to create MediaRouter...
[2025-11-23 16:00:41.859] I [OvenMediaEngine:1] MediaRouter | mediarouter.cpp:40   | Mediarouter has been started.
[2025-11-23 16:00:41.859] I [OvenMediaEngine:1] OvenMediaEngine | main.cpp:129  | Trying to create WebRTC Publisher...
[2025-11-23 16:00:41.860] I [OvenMediaEngine:1] Signalling.P2P | rtc_p2p_manager.cpp:27   | P2P is disabled in the configuration
[2025-11-23 16:00:41.861] I [OvenMediaEngine:1] HTTP.Server | http_server_manager.cpp:319  | WebRTC Publisher is listening on *:3333 (TLS: *:3334)...
[2025-11-23 16:00:41.861] I [OvenMediaEngine:1] ICE | ice_port_manager.cpp:314  | ICE candidate found: 192.168.1.205:10000
[2025-11-23 16:00:41.861] I [OvenMediaEngine:1] ICE | ice_port_manager.cpp:314  | ICE candidate found: 192.168.1.205:10001
[2025-11-23 16:00:41.861] I [OvenMediaEngine:1] ICE | ice_port_manager.cpp:314  | ICE candidate found: 192.168.1.205:10002
[2025-11-23 16:00:41.861] I [OvenMediaEngine:1] ICE | ice_port_manager.cpp:314  | ICE candidate found: 192.168.1.205:10003
[2025-11-23 16:00:41.861] I [OvenMediaEngine:1] ICE | ice_port_manager.cpp:314  | ICE candidate found: 192.168.1.205:10004
[2025-11-23 16:00:41.863] I [OvenMediaEngine:1] ICE | ice_port.cpp:113  | ICE ports are listening on *:10004/UDP (0x7e2de2f08690), *:10003/UDP (0x7e2de2f08990), *:10002/UDP (0x7e2de2f08c90), *:10001/UDP (0x7e2de2f08f90), *:10000/UDP (0x7e2de2f09290) (for WebRTC Publisher)
[2025-11-23 16:00:41.863] I [OvenMediaEngine:1] ICE | ice_port_manager.cpp:199  | TURN port is listening on *:3478/TCP (for WebRTC Publisher)
[2025-11-23 16:00:41.863] I [OvenMediaEngine:1] Publisher | publisher.cpp:19   | WebRTC Publisher has been started.
[2025-11-23 16:00:41.863] I [OvenMediaEngine:1] OvenMediaEngine | main.cpp:130  | Trying to create LLHLS Publisher...
[2025-11-23 16:00:41.864] I [OvenMediaEngine:1] HTTP.Server | http_server_manager.cpp:319  | LLHLS Publisher is listening on *:3333 (TLS: *:3334)...
[2025-11-23 16:00:41.864] I [OvenMediaEngine:1] Publisher | publisher.cpp:19   | LLHLS Publisher has been started.
[2025-11-23 16:00:41.864] I [OvenMediaEngine:1] OvenMediaEngine | main.cpp:131  | Trying to create OVT Publisher...
[2025-11-23 16:00:41.865] I [OvenMediaEngine:1] OVT | ovt_publisher.cpp:90   | OVTPublisher is listening on *:9000/TCP...
[2025-11-23 16:00:41.865] I [OvenMediaEngine:1] Publisher | publisher.cpp:19   | OVTPublisher has been started.
[2025-11-23 16:00:41.865] I [OvenMediaEngine:1] OvenMediaEngine | main.cpp:132  | Trying to create File Publisher...
[2025-11-23 16:00:41.865] I [OvenMediaEngine:1] Publisher | publisher.cpp:19   | FilePublisher has been started.
[2025-11-23 16:00:41.865] I [OvenMediaEngine:1] OvenMediaEngine | main.cpp:133  | Trying to create Push Publisher...
[2025-11-23 16:00:41.866] I [OvenMediaEngine:1] Publisher | publisher.cpp:19   | PushPublisher has been started.
[2025-11-23 16:00:41.866] I [OvenMediaEngine:1] OvenMediaEngine | main.cpp:134  | Trying to create Thumbnail Publisher...
[2025-11-23 16:00:41.866] W [OvenMediaEngine:1] Thumbnail | thumbnail_publisher.cpp:79   | ThumbnailPublisher is disabled by configuration
[2025-11-23 16:00:41.866] I [OvenMediaEngine:1] OvenMediaEngine | main.cpp:135  | Trying to create HLS Publisher...
[2025-11-23 16:00:41.866] W [OvenMediaEngine:1] HLS Publisher | hls_publisher.cpp:78   | HLSv3 Publisher is disabled by configuration
[2025-11-23 16:00:41.867] I [OvenMediaEngine:1] OvenMediaEngine | main.cpp:136  | Trying to create SRT Publisher...
[2025-11-23 16:00:41.867] W [OvenMediaEngine:1] SRTPublisher | srt_publisher.cpp:43   | SRTPublisher is disabled by configuration
[2025-11-23 16:00:41.867] I [OvenMediaEngine:1] OvenMediaEngine | main.cpp:139  | Trying to create Transcoder...
[2025-11-23 16:00:41.867] I [OvenMediaEngine:1] Transcoder | transcoder_gpu.cpp:94   | Trying to release Transcoder GPU resources
[2025-11-23 16:00:41.867] I [OvenMediaEngine:1] Transcoder | transcoder_gpu.cpp:45   | Trying to check available hardware accelerators
[2025-11-23 16:00:41.867] W [OvenMediaEngine:1] Transcoder | transcoder_gpu.cpp:54   | No supported NVIDIA accelerator
[2025-11-23 16:00:41.867] W [OvenMediaEngine:1] Transcoder | transcoder_gpu.cpp:64   | No supported Xilinx Media accelerator
[2025-11-23 16:00:41.867] W [OvenMediaEngine:1] Transcoder | transcoder_gpu.cpp:74   | No supported Intel QuickSync accelerator
[2025-11-23 16:00:41.867] W [OvenMediaEngine:1] Transcoder | transcoder_gpu.cpp:84   | No supported Netint VPU accelerator
[2025-11-23 16:00:41.867] I [OvenMediaEngine:1] OvenMediaEngine | main.cpp:142  | Trying to create WebRTC Provider...
[2025-11-23 16:00:41.867] I [OvenMediaEngine:1] Signalling.P2P | rtc_p2p_manager.cpp:27   | P2P is disabled in the configuration
[2025-11-23 16:00:41.867] I [OvenMediaEngine:1] HTTP.Server | http_server_manager.cpp:319  | WebRTCProvider is listening on *:3333 (TLS: *:3334)...
[2025-11-23 16:00:41.867] I [OvenMediaEngine:1] HTTP.Server | http_server_manager.cpp:319  | WebRTCProvider is listening on *:3333 (TLS: *:3334)...
[2025-11-23 16:00:41.867] I [OvenMediaEngine:1] ICE | ice_port_manager.cpp:314  | ICE candidate found: 192.168.1.205:10000
[2025-11-23 16:00:41.867] I [OvenMediaEngine:1] ICE | ice_port_manager.cpp:314  | ICE candidate found: 192.168.1.205:10001
[2025-11-23 16:00:41.868] I [OvenMediaEngine:1] ICE | ice_port_manager.cpp:314  | ICE candidate found: 192.168.1.205:10002
[2025-11-23 16:00:41.868] I [OvenMediaEngine:1] ICE | ice_port_manager.cpp:314  | ICE candidate found: 192.168.1.205:10003
[2025-11-23 16:00:41.868] I [OvenMediaEngine:1] ICE | ice_port_manager.cpp:314  | ICE candidate found: 192.168.1.205:10004
[2025-11-23 16:00:41.868] I [OvenMediaEngine:1] ICE | ice_port.cpp:113  | ICE ports are listening on *:10004/UDP (0x7e2de2f08690), *:10003/UDP (0x7e2de2f08990), *:10002/UDP (0x7e2de2f08c90), *:10001/UDP (0x7e2de2f08f90), *:10000/UDP (0x7e2de2f09290) (for WebRTCProvider)
[2025-11-23 16:00:41.868] I [OvenMediaEngine:1] ICE | ice_port_manager.cpp:199  | TURN port is listening on *:3478/TCP (for WebRTCProvider)
[2025-11-23 16:00:41.869] I [OvenMediaEngine:1] Provider | provider.cpp:37   | WebRTCProvider has been started.
[2025-11-23 16:00:41.869] I [OvenMediaEngine:1] OvenMediaEngine | main.cpp:143  | Trying to create MPEG-TS Provider...
[2025-11-23 16:00:41.869] W [OvenMediaEngine:1] MpegtsProvider | mpegts_provider.cpp:147  | MPEGTSProvider is disabled by configuration
[2025-11-23 16:00:41.869] I [OvenMediaEngine:1] MpegtsProvider | mpegts_provider.cpp:39   | Terminated Mpegts Provider module.
[2025-11-23 16:00:41.870] I [OvenMediaEngine:1] OvenMediaEngine | main.cpp:144  | Trying to create SRT Provider...
[2025-11-23 16:00:41.870] I [OvenMediaEngine:1] SrtProvider | srt_provider.cpp:110  | SrtProvider is listening on *:9999/SRT
[2025-11-23 16:00:41.870] I [OvenMediaEngine:1] Provider | provider.cpp:37   | SrtProvider has been started.
[2025-11-23 16:00:41.870] I [OvenMediaEngine:1] OvenMediaEngine | main.cpp:145  | Trying to create RTMP Provider...
[2025-11-23 16:00:41.871] I [OvenMediaEngine:1] RTMPProvider | rtmp_provider.cpp:151  | RTMPProvider is listening on *:1935
[2025-11-23 16:00:41.871] I [OvenMediaEngine:1] Provider | provider.cpp:37   | RTMPProvider has been started.
[2025-11-23 16:00:41.871] I [OvenMediaEngine:1] OvenMediaEngine | main.cpp:146  | Trying to create OVT Provider...
[2025-11-23 16:00:41.871] I [OvenMediaEngine:1] Provider | provider.cpp:37   | OVTProvider has been started.
[2025-11-23 16:00:41.871] I [OvenMediaEngine:1] OvenMediaEngine | main.cpp:147  | Trying to create RTSPC Provider...
[2025-11-23 16:00:41.871] I [OvenMediaEngine:1] Provider | provider.cpp:37   | RTSPCProvider has been started.
[2025-11-23 16:00:41.871] I [OvenMediaEngine:1] OvenMediaEngine | main.cpp:148  | Trying to create File Provider...
[2025-11-23 16:00:41.871] I [OvenMediaEngine:1] Provider | provider.cpp:37   | FileProvider has been started.
[2025-11-23 16:00:41.872] I [OvenMediaEngine:1] OvenMediaEngine | main.cpp:149  | Trying to create Scheduled Provider...
[2025-11-23 16:00:41.872] I [OvenMediaEngine:1] Provider | provider.cpp:37   | ScheduledProvider has been started.
[2025-11-23 16:00:41.872] I [OvenMediaEngine:1] OvenMediaEngine | main.cpp:150  | Trying to create Multiplex Provider...
[2025-11-23 16:00:41.872] I [OvenMediaEngine:1] Provider | provider.cpp:37   | MultiplexProvider has been started.
[2025-11-23 16:00:41.872] I [OvenMediaEngine:1] OvenMediaEngine | main.cpp:157  | All modules are initialized successfully
[2025-11-23 16:00:41.872] I [OvenMediaEngine:1] Monitor | monitoring.cpp:94   | OvenMediaEngine(788eaae4-a301-431c-a58a-701ea6b5fbbf) ServerMetric has been started for monitoring - 2025-11-23T16:00:41.872+00:00
[2025-11-23 16:00:41.873] I [OvenMediaEngine:1] Certificate | certificate.cpp:35   | A certificate has been loaded for VirtualHost [default]:
	Cert file path: origin_conf/./cert.crt
	Chain cert file path: origin_conf/./cert.ca-bundle
	Private key file path: origin_conf/./cert.key
[2025-11-23 16:00:41.875] I [OvenMediaEngine:1] Monitor | server_metrics.cpp:61   | Create HostMetrics(default/788eaae4-a301-431c-a58a-701ea6b5fbbf/#default#) for monitoring
[2025-11-23 16:00:41.875] I [OvenMediaEngine:1] Orchestrator | orchestrator.cpp:1302 | Trying to create an application: [#default#app]
[2025-11-23 16:00:41.875] I [OvenMediaEngine:1] Monitor | host_metrics.cpp:58   | Create ApplicationMetrics(#default#app/788eaae4-a301-431c-a58a-701ea6b5fbbf/#default#app) for monitoring
[2025-11-23 16:00:41.875] I [OvenMediaEngine:1] MediaRouter | mediarouter_application.cpp:52   | [#default#app(0)] Created Mediarouter application. Worker(1) DelayBufferTime(0)
[2025-11-23 16:00:41.875] I [OvenMediaEngine:1] MediaRouter | mediarouter.cpp:83   | Created Mediarouter. app(#default#app)
[2025-11-23 16:00:41.876] I [OvenMediaEngine:1] Publisher | application.cpp:226  | WebRTC Publisher Application has created [#default#app] application
[2025-11-23 16:00:41.876] I [OvenMediaEngine:1] Publisher | application.cpp:226  | LLHLS Publisher Application has created [#default#app] application
[2025-11-23 16:00:41.876] I [OvenMediaEngine:1] Publisher | application.cpp:226  | OVTPublisher Application has created [#default#app] application
[2025-11-23 16:00:41.876] W [OvenMediaEngine:1] Publisher | publisher.cpp:68   | File publisher is disabled in #default#app application, so it was not created
[2025-11-23 16:00:41.876] W [OvenMediaEngine:1] Publisher | publisher.cpp:68   | Push publisher is disabled in #default#app application, so it was not created
[2025-11-23 16:00:41.876] I [OvenMediaEngine:1] Transcoder | transcoder_application.cpp:34   | Created transcoder application. [#default#app]
[2025-11-23 16:00:41.876] I [OvenMediaEngine:1] Transcoder | transcoder.cpp:97   | Transcoder has created [config][#default#app] application
[2025-11-23 16:00:41.876] I [OvenMediaEngine:1] Provider | application.cpp:46   | WebRTCProvider has created [#default#app] application
[2025-11-23 16:00:41.876] I [OvenMediaEngine:1] Provider | application.cpp:46   | SrtProvider has created [#default#app] application
[2025-11-23 16:00:41.876] I [OvenMediaEngine:1] Provider | application.cpp:46   | RTMPProvider has created [#default#app] application
[2025-11-23 16:00:41.877] I [OvenMediaEngine:1] Provider | application.cpp:46   | OVTProvider has created [#default#app] application
[2025-11-23 16:00:41.877] I [OvenMediaEngine:1] Provider | application.cpp:46   | RTSPCProvider has created [#default#app] application
[2025-11-23 16:00:41.877] I [OvenMediaEngine:1] Provider | application.cpp:46   | ScheduledProvider has created [#default#app] application
[2025-11-23 16:00:41.877] W [OvenMediaEngine:1] Provider | provider.cpp:91   | Multiplex provider is disabled in #default#app application, so it was not created
[2025-11-23 16:00:41.877] E [OvenMediaEngine:1] APIServer | api_server.cpp:56   | Empty <AccessToken> is not allowed
[2025-11-23 16:00:41.877] I [OvenMediaEngine:1] Monitor | server_metrics.cpp:80   | Delete HostMetrics(default/788eaae4-a301-431c-a58a-701ea6b5fbbf/#default#) for monitoring
[2025-11-23 16:00:41.877] I [OvenMediaEngine:1] Orchestrator | orchestrator.cpp:277  | Trying to delete an application: [#default#app] (0)
[2025-11-23 16:00:41.877] I [OvenMediaEngine:1] MediaRouter | mediarouter_application.cpp:243  | Unregistered observer. app(#default#app) type(3)
[2025-11-23 16:00:41.877] I [OvenMediaEngine:1] MediaRouter | mediarouter_application.cpp:205  | Unregistered connector. app(#default#app) type(0)
[2025-11-23 16:00:41.877] I [OvenMediaEngine:1] Provider | application.cpp:61   | ScheduledProvider has deleted [#default#app] application
[2025-11-23 16:00:41.877] I [OvenMediaEngine:1] MediaRouter | mediarouter_application.cpp:205  | Unregistered connector. app(#default#app) type(0)
[2025-11-23 16:00:41.977] I [OvenMediaEngine:1] Provider | application.cpp:61   | RTSPCProvider has deleted [#default#app] application
[2025-11-23 16:00:41.977] I [OvenMediaEngine:1] MediaRouter | mediarouter_application.cpp:205  | Unregistered connector. app(#default#app) type(0)
[2025-11-23 16:00:42.077] I [OvenMediaEngine:1] Provider | application.cpp:61   | OVTProvider has deleted [#default#app] application
[2025-11-23 16:00:42.077] I [OvenMediaEngine:1] MediaRouter | mediarouter_application.cpp:205  | Unregistered connector. app(#default#app) type(0)
[2025-11-23 16:00:42.077] I [OvenMediaEngine:1] Provider | application.cpp:61   | RTMPProvider has deleted [#default#app] application
[2025-11-23 16:00:42.077] I [OvenMediaEngine:1] MediaRouter | mediarouter_application.cpp:205  | Unregistered connector. app(#default#app) type(0)
[2025-11-23 16:00:42.078] I [OvenMediaEngine:1] Provider | application.cpp:61   | SrtProvider has deleted [#default#app] application
[2025-11-23 16:00:42.078] I [OvenMediaEngine:1] MediaRouter | mediarouter_application.cpp:205  | Unregistered connector. app(#default#app) type(0)
[2025-11-23 16:00:42.078] I [OvenMediaEngine:1] Provider | application.cpp:61   | WebRTCProvider has deleted [#default#app] application
[2025-11-23 16:00:42.078] I [OvenMediaEngine:1] MediaRouter | mediarouter_application.cpp:243  | Unregistered observer. app(#default#app) type(1)
[2025-11-23 16:00:42.078] I [OvenMediaEngine:1] MediaRouter | mediarouter_application.cpp:205  | Unregistered connector. app(#default#app) type(1)
[2025-11-23 16:00:42.078] I [OvenMediaEngine:1] Transcoder | transcoder.cpp:133  | Transcoder has deleted [config][#default#app] application
[2025-11-23 16:00:42.078] I [OvenMediaEngine:1] Transcoder | transcoder_application.cpp:39   | Transcoder application has been destroyed. [#default#app]
[2025-11-23 16:00:42.078] I [OvenMediaEngine:1] Publisher | application.cpp:245  | OVTPublisher Application has deleted [#default#app] application
[2025-11-23 16:00:42.078] I [OvenMediaEngine:1] MediaRouter | mediarouter_application.cpp:243  | Unregistered observer. app(#default#app) type(0)
[2025-11-23 16:00:42.078] I [OvenMediaEngine:1] Publisher | application.cpp:245  | OVTPublisher Application has deleted [#default#app] application
[2025-11-23 16:00:42.078] I [OvenMediaEngine:1] Publisher | application.cpp:245  | OVTPublisher Application has deleted [#default#app] application
[2025-11-23 16:00:42.079] I [OvenMediaEngine:1] Publisher | application.cpp:245  | LLHLS Publisher Application has deleted [#default#app] application
[2025-11-23 16:00:42.079] I [OvenMediaEngine:1] MediaRouter | mediarouter_application.cpp:243  | Unregistered observer. app(#default#app) type(0)
[2025-11-23 16:00:42.079] I [OvenMediaEngine:1] Publisher | application.cpp:245  | LLHLS Publisher Application has deleted [#default#app] application
[2025-11-23 16:00:42.079] I [OvenMediaEngine:1] Publisher | application.cpp:245  | LLHLS Publisher Application has deleted [#default#app] application
[2025-11-23 16:00:42.079] I [OvenMediaEngine:1] Publisher | application.cpp:245  | WebRTC Publisher Application has deleted [#default#app] application
[2025-11-23 16:00:42.079] I [OvenMediaEngine:1] MediaRouter | mediarouter_application.cpp:243  | Unregistered observer. app(#default#app) type(0)
[2025-11-23 16:00:42.079] I [OvenMediaEngine:1] Publisher | application.cpp:245  | WebRTC Publisher Application has deleted [#default#app] application
[2025-11-23 16:00:42.080] I [OvenMediaEngine:1] Publisher | application.cpp:245  | WebRTC Publisher Application has deleted [#default#app] application
[2025-11-23 16:00:42.080] I [OvenMediaEngine:1] MediaRouter | mediarouter_application.cpp:73   | [#default#app(0)] Destroyed Mediarouter application. worker(1)
[2025-11-23 16:00:42.080] I [OvenMediaEngine:1] MediaRouter | mediarouter.cpp:101  | Mediarouter has been destroyed. app(#default#app)
[2025-11-23 16:00:42.081] I [OvenMediaEngine:1] OvenMediaEngine | main.cpp:179  | Trying to release WebRTC Provider...
[2025-11-23 16:00:42.270] I [OvenMediaEngine:1] Provider | provider.cpp:61   | WebRTCProvider has been stopped.
[2025-11-23 16:00:42.270] I [OvenMediaEngine:1] OvenMediaEngine | main.cpp:181  | Trying to release SRT Provider...
[2025-11-23 16:00:42.371] I [OvenMediaEngine:1] Provider | provider.cpp:61   | SrtProvider has been stopped.
[2025-11-23 16:00:42.371] I [OvenMediaEngine:1] OvenMediaEngine | main.cpp:182  | Trying to release RTMP Provider...
[2025-11-23 16:00:42.471] I [OvenMediaEngine:1] Provider | provider.cpp:61   | RTMPProvider has been stopped.
[2025-11-23 16:00:42.472] I [OvenMediaEngine:1] OvenMediaEngine | main.cpp:183  | Trying to release OVT Provider...
[2025-11-23 16:00:42.472] I [OvenMediaEngine:1] Provider | provider.cpp:61   | OVTProvider has been stopped.
[2025-11-23 16:00:42.472] I [OvenMediaEngine:1] OvenMediaEngine | main.cpp:184  | Trying to release RTSPC Provider...
[2025-11-23 16:00:42.472] I [OvenMediaEngine:1] Provider | provider.cpp:61   | RTSPCProvider has been stopped.
[2025-11-23 16:00:42.472] I [OvenMediaEngine:1] OvenMediaEngine | main.cpp:185  | Trying to release File Provider...
[2025-11-23 16:00:42.472] I [OvenMediaEngine:1] Provider | provider.cpp:61   | FileProvider has been stopped.
[2025-11-23 16:00:42.472] I [OvenMediaEngine:1] OvenMediaEngine | main.cpp:186  | Trying to release Scheduled Provider...
[2025-11-23 16:00:42.472] I [OvenMediaEngine:1] Provider | provider.cpp:61   | ScheduledProvider has been stopped.
[2025-11-23 16:00:42.472] I [OvenMediaEngine:1] OvenMediaEngine | main.cpp:187  | Trying to release Multiplex Provider...
[2025-11-23 16:00:42.472] I [OvenMediaEngine:1] Provider | provider.cpp:61   | MultiplexProvider has been stopped.
[2025-11-23 16:00:42.472] I [OvenMediaEngine:1] OvenMediaEngine | main.cpp:191  | Trying to release Transcoder...
[2025-11-23 16:00:42.473] I [OvenMediaEngine:1] Transcoder | transcoder_gpu.cpp:94   | Trying to release Transcoder GPU resources
[2025-11-23 16:00:42.473] I [OvenMediaEngine:1] OvenMediaEngine | main.cpp:193  | Trying to release WebRTC Publisher...
[2025-11-23 16:00:42.473] I [OvenMediaEngine:1] Publisher | publisher.cpp:42   | WebRTC Publisher has been stopped.
[2025-11-23 16:00:42.473] I [OvenMediaEngine:1] OvenMediaEngine | main.cpp:194  | Trying to release LLHLS Publisher...
[2025-11-23 16:00:42.473] I [OvenMediaEngine:1] Publisher | publisher.cpp:42   | LLHLS Publisher has been stopped.
[2025-11-23 16:00:42.473] I [OvenMediaEngine:1] OvenMediaEngine | main.cpp:195  | Trying to release OVT Publisher...
[2025-11-23 16:00:42.566] I [OvenMediaEngine:1] Publisher | publisher.cpp:42   | OVTPublisher has been stopped.
[2025-11-23 16:00:42.566] I [OvenMediaEngine:1] OvenMediaEngine | main.cpp:196  | Trying to release File Publisher...
[2025-11-23 16:00:42.567] I [OvenMediaEngine:1] Publisher | publisher.cpp:42   | FilePublisher has been stopped.
[2025-11-23 16:00:42.567] I [OvenMediaEngine:1] OvenMediaEngine | main.cpp:197  | Trying to release Push Publisher...
[2025-11-23 16:00:42.567] I [OvenMediaEngine:1] Publisher | publisher.cpp:42   | PushPublisher has been stopped.
[2025-11-23 16:00:42.567] I [OvenMediaEngine:1] OvenMediaEngine | main.cpp:202  | Trying to release MediaRouter...
[2025-11-23 16:00:42.567] I [OvenMediaEngine:1] MediaRouter | mediarouter.cpp:49   | Mediarouter has been stopped.
[2025-11-23 16:00:42.567] I [OvenMediaEngine:1] OvenMediaEngine | main.cpp:359  | Uninitializing TCP socket pool...
[2025-11-23 16:00:42.568] I [OvenMediaEngine:1] OvenMediaEngine | main.cpp:361  | Uninitializing UDP socket pool...
[2025-11-23 16:00:42.609] I [OvenMediaEngine:1] OvenMediaEngine | main.cpp:364  | OvenMediaEngine will be terminated
[2025-11-23 16:00:42.609] I [OvenMediaEngine:1] Provider | provider.cpp:61   | FileProvider has been stopped.
[2025-11-23 16:00:42.609] I [OvenMediaEngine:1] Provider | provider.cpp:61   | RTSPCProvider has been stopped.
[2025-11-23 16:00:42.609] I [OvenMediaEngine:1] Provider | provider.cpp:61   | OVTProvider has been stopped.
[2025-11-23 16:00:42.609] I [OvenMediaEngine:1] RTMPProvider | rtmp_provider.cpp:72   | Terminated Rtmp Provider module.
[2025-11-23 16:00:42.610] I [OvenMediaEngine:1] SrtProvider | srt_provider.cpp:40   | Terminated SRT Provider module.
[2025-11-23 16:01:08.866] I [OvenMediaEngine:1] Config | config_manager.cpp:233  | Trying to set logfile in directory... (/var/log/ovenmediaengine)
[2025-11-23 16:01:08.866] I [OvenMediaEngine:1] Config | config_manager.cpp:255  | Trying to load configurations... (origin_conf/Server.xml)
[2025-11-23 16:01:08.871] I [OvenMediaEngine:1] OvenMediaEngine | banner.cpp:23   | OvenMediaEngine v0.19.0 (v0.19.0) is started on [c6df2cb72d0b] (Linux x86_64 - 6.8.0-87-generic, #88~22.04.1-Ubuntu SMP PREEMPT_DYNAMIC Tue Oct 14 14:03:14 UTC 2)
[2025-11-23 16:01:08.871] I [OvenMediaEngine:1] OvenMediaEngine | banner.cpp:27   | With modules:
[2025-11-23 16:01:08.872] I [OvenMediaEngine:1] OvenMediaEngine | banner.cpp:28   |   FFmpeg 5.1.4
[2025-11-23 16:01:08.872] I [OvenMediaEngine:1] OvenMediaEngine | banner.cpp:29   |     Configuration: --prefix=/opt/ovenmediaengine --extra-cflags='-I/opt/ovenmediaengine/include ' --extra-ldflags=' -L/opt/ovenmediaengine/lib -Wl,-rpath,/opt/ovenmediaengine/lib -Wl,--disable-new-dtags' --extra-libs=-ldl --enable-gpl --enable-nonfree --disable-everything --disable-programs --disable-avdevice --disable-dwt --disable-lsp --disable-faan --disable-pixelutils --enable-shared --enable-zlib --enable-libopus --enable-libvpx --enable-libfdk_aac --enable-libopenh264 --enable-openssl --enable-network --enable-libsrt --enable-dct --enable-rdft --enable-libwebp --disable-nvdec --disable-nvdec --disable-vaapi --disable-vdpau --disable-cuda-llvm --disable-cuvid --disable-ffnvcodec --enable-libx264 --enable-encoder='libvpx_vp8,libopus,libfdk_aac,libopenh264,mjpeg,png,libwebp,libx264' --enable-decoder='aac,aac_latm,aac_fixed,mp3float,mp3,h264,hevc,opus,vp8' --enable-parser='aac,aac_latm,aac_fixed,h264,hevc,opus,vp8' --enable-protocol='tcp,udp,rtp,file,rtmp,tls,rtmps,libsrt' --enable-demuxer='rtsp,flv,live_flv,mp4,mp3' --enable-muxer='mp4,webm,mpegts,flv,mpjpeg' --enable-filter='asetnsamples,aresample,aformat,channelmap,channelsplit,scale,transpose,fps,settb,asettb,crop,format'
[2025-11-23 16:01:08.872] I [OvenMediaEngine:1] OvenMediaEngine | banner.cpp:30   |     libavformat: 59.27.100
[2025-11-23 16:01:08.872] I [OvenMediaEngine:1] OvenMediaEngine | banner.cpp:31   |     libavcodec: 59.37.100
[2025-11-23 16:01:08.872] I [OvenMediaEngine:1] OvenMediaEngine | banner.cpp:32   |     libavutil: 57.28.100
[2025-11-23 16:01:08.872] I [OvenMediaEngine:1] OvenMediaEngine | banner.cpp:33   |     libavfilter: 8.44.100
[2025-11-23 16:01:08.872] I [OvenMediaEngine:1] OvenMediaEngine | banner.cpp:34   |     libswresample: 4.7.100
[2025-11-23 16:01:08.872] I [OvenMediaEngine:1] OvenMediaEngine | banner.cpp:35   |     libswscale: 6.7.100
[2025-11-23 16:01:08.872] I [OvenMediaEngine:1] OvenMediaEngine | banner.cpp:36   |   SRT: 1.5.2
[2025-11-23 16:01:08.872] I [OvenMediaEngine:1] OvenMediaEngine | banner.cpp:37   |   SRTP: libsrtp2 2.4.2
[2025-11-23 16:01:08.872] I [OvenMediaEngine:1] OvenMediaEngine | banner.cpp:38   |   OpenSSL: OpenSSL 3.0.7 1 Nov 2022
[2025-11-23 16:01:08.872] I [OvenMediaEngine:1] OvenMediaEngine | banner.cpp:39   |     Configuration: compiler: gcc -fPIC -pthread -m64 -Wa,--noexecstack -Wall -O3 -DOPENSSL_USE_NODELETE -DL_ENDIAN -DOPENSSL_PIC -DOPENSSL_BUILDING_OPENSSL -DNDEBUG
[2025-11-23 16:01:08.872] I [OvenMediaEngine:1] OvenMediaEngine | banner.cpp:40   |   JsonCpp: 1.9.3
[2025-11-23 16:01:08.872] I [OvenMediaEngine:1] OvenMediaEngine | banner.cpp:41   |   jemalloc: 5.3.0-0-g54eaed1d8b56b1aa528be3bdd1877e59c56fa90c
[2025-11-23 16:01:08.872] I [OvenMediaEngine:1] OvenMediaEngine | banner.cpp:42   |   spdlog: 1.15.1
[2025-11-23 16:01:08.872] I [OvenMediaEngine:1] OvenMediaEngine | main.cpp:73   | Server ID : 788eaae4-a301-431c-a58a-701ea6b5fbbf
[2025-11-23 16:01:09.757] I [OvenMediaEngine:1] OvenMediaEngine | main.cpp:91   | Resolved public IP address (110.139.54.93) from stun server (stun.ovenmediaengine.com:13478)
[2025-11-23 16:01:09.758] I [OvenMediaEngine:1] OvenMediaEngine | main.cpp:109  | This host supports IPv4 and IPv6
[2025-11-23 16:01:09.765] I [OvenMediaEngine:1] OvenMediaEngine | main.cpp:126  | Trying to create MediaRouter...
[2025-11-23 16:01:09.765] I [OvenMediaEngine:1] MediaRouter | mediarouter.cpp:40   | Mediarouter has been started.
[2025-11-23 16:01:09.765] I [OvenMediaEngine:1] OvenMediaEngine | main.cpp:129  | Trying to create WebRTC Publisher...
[2025-11-23 16:01:09.766] I [OvenMediaEngine:1] Signalling.P2P | rtc_p2p_manager.cpp:27   | P2P is disabled in the configuration
[2025-11-23 16:01:09.766] I [OvenMediaEngine:1] HTTP.Server | http_server_manager.cpp:319  | WebRTC Publisher is listening on *:3333 (TLS: *:3334)...
[2025-11-23 16:01:09.766] I [OvenMediaEngine:1] ICE | ice_port_manager.cpp:314  | ICE candidate found: 192.168.1.205:10000
[2025-11-23 16:01:09.766] I [OvenMediaEngine:1] ICE | ice_port_manager.cpp:314  | ICE candidate found: 192.168.1.205:10001
[2025-11-23 16:01:09.766] I [OvenMediaEngine:1] ICE | ice_port_manager.cpp:314  | ICE candidate found: 192.168.1.205:10002
[2025-11-23 16:01:09.766] I [OvenMediaEngine:1] ICE | ice_port_manager.cpp:314  | ICE candidate found: 192.168.1.205:10003
[2025-11-23 16:01:09.766] I [OvenMediaEngine:1] ICE | ice_port_manager.cpp:314  | ICE candidate found: 192.168.1.205:10004
[2025-11-23 16:01:09.767] I [OvenMediaEngine:1] ICE | ice_port.cpp:113  | ICE ports are listening on *:10004/UDP (0x723ccc708690), *:10003/UDP (0x723ccc708990), *:10002/UDP (0x723ccc708c90), *:10001/UDP (0x723ccc708f90), *:10000/UDP (0x723ccc709290) (for WebRTC Publisher)
[2025-11-23 16:01:09.767] I [OvenMediaEngine:1] ICE | ice_port_manager.cpp:199  | TURN port is listening on *:3478/TCP (for WebRTC Publisher)
[2025-11-23 16:01:09.767] I [OvenMediaEngine:1] Publisher | publisher.cpp:19   | WebRTC Publisher has been started.
[2025-11-23 16:01:09.767] I [OvenMediaEngine:1] OvenMediaEngine | main.cpp:130  | Trying to create LLHLS Publisher...
[2025-11-23 16:01:09.768] I [OvenMediaEngine:1] HTTP.Server | http_server_manager.cpp:319  | LLHLS Publisher is listening on *:3333 (TLS: *:3334)...
[2025-11-23 16:01:09.768] I [OvenMediaEngine:1] Publisher | publisher.cpp:19   | LLHLS Publisher has been started.
[2025-11-23 16:01:09.768] I [OvenMediaEngine:1] OvenMediaEngine | main.cpp:131  | Trying to create OVT Publisher...
[2025-11-23 16:01:09.768] I [OvenMediaEngine:1] OVT | ovt_publisher.cpp:90   | OVTPublisher is listening on *:9000/TCP...
[2025-11-23 16:01:09.768] I [OvenMediaEngine:1] Publisher | publisher.cpp:19   | OVTPublisher has been started.
[2025-11-23 16:01:09.768] I [OvenMediaEngine:1] OvenMediaEngine | main.cpp:132  | Trying to create File Publisher...
[2025-11-23 16:01:09.768] I [OvenMediaEngine:1] Publisher | publisher.cpp:19   | FilePublisher has been started.
[2025-11-23 16:01:09.768] I [OvenMediaEngine:1] OvenMediaEngine | main.cpp:133  | Trying to create Push Publisher...
[2025-11-23 16:01:09.769] I [OvenMediaEngine:1] Publisher | publisher.cpp:19   | PushPublisher has been started.
[2025-11-23 16:01:09.769] I [OvenMediaEngine:1] OvenMediaEngine | main.cpp:134  | Trying to create Thumbnail Publisher...
[2025-11-23 16:01:09.769] W [OvenMediaEngine:1] Thumbnail | thumbnail_publisher.cpp:79   | ThumbnailPublisher is disabled by configuration
[2025-11-23 16:01:09.769] I [OvenMediaEngine:1] OvenMediaEngine | main.cpp:135  | Trying to create HLS Publisher...
[2025-11-23 16:01:09.769] W [OvenMediaEngine:1] HLS Publisher | hls_publisher.cpp:78   | HLSv3 Publisher is disabled by configuration
[2025-11-23 16:01:09.769] I [OvenMediaEngine:1] OvenMediaEngine | main.cpp:136  | Trying to create SRT Publisher...
[2025-11-23 16:01:09.769] W [OvenMediaEngine:1] SRTPublisher | srt_publisher.cpp:43   | SRTPublisher is disabled by configuration
[2025-11-23 16:01:09.769] I [OvenMediaEngine:1] OvenMediaEngine | main.cpp:139  | Trying to create Transcoder...
[2025-11-23 16:01:09.769] I [OvenMediaEngine:1] Transcoder | transcoder_gpu.cpp:94   | Trying to release Transcoder GPU resources
[2025-11-23 16:01:09.769] I [OvenMediaEngine:1] Transcoder | transcoder_gpu.cpp:45   | Trying to check available hardware accelerators
[2025-11-23 16:01:09.769] W [OvenMediaEngine:1] Transcoder | transcoder_gpu.cpp:54   | No supported NVIDIA accelerator
[2025-11-23 16:01:09.769] W [OvenMediaEngine:1] Transcoder | transcoder_gpu.cpp:64   | No supported Xilinx Media accelerator
[2025-11-23 16:01:09.769] W [OvenMediaEngine:1] Transcoder | transcoder_gpu.cpp:74   | No supported Intel QuickSync accelerator
[2025-11-23 16:01:09.769] W [OvenMediaEngine:1] Transcoder | transcoder_gpu.cpp:84   | No supported Netint VPU accelerator
[2025-11-23 16:01:09.769] I [OvenMediaEngine:1] OvenMediaEngine | main.cpp:142  | Trying to create WebRTC Provider...
[2025-11-23 16:01:09.770] I [OvenMediaEngine:1] Signalling.P2P | rtc_p2p_manager.cpp:27   | P2P is disabled in the configuration
[2025-11-23 16:01:09.770] I [OvenMediaEngine:1] HTTP.Server | http_server_manager.cpp:319  | WebRTCProvider is listening on *:3333 (TLS: *:3334)...
[2025-11-23 16:01:09.770] I [OvenMediaEngine:1] HTTP.Server | http_server_manager.cpp:319  | WebRTCProvider is listening on *:3333 (TLS: *:3334)...
[2025-11-23 16:01:09.770] I [OvenMediaEngine:1] ICE | ice_port_manager.cpp:314  | ICE candidate found: 192.168.1.205:10000
[2025-11-23 16:01:09.770] I [OvenMediaEngine:1] ICE | ice_port_manager.cpp:314  | ICE candidate found: 192.168.1.205:10001
[2025-11-23 16:01:09.770] I [OvenMediaEngine:1] ICE | ice_port_manager.cpp:314  | ICE candidate found: 192.168.1.205:10002
[2025-11-23 16:01:09.770] I [OvenMediaEngine:1] ICE | ice_port_manager.cpp:314  | ICE candidate found: 192.168.1.205:10003
[2025-11-23 16:01:09.770] I [OvenMediaEngine:1] ICE | ice_port_manager.cpp:314  | ICE candidate found: 192.168.1.205:10004
[2025-11-23 16:01:09.770] I [OvenMediaEngine:1] ICE | ice_port.cpp:113  | ICE ports are listening on *:10004/UDP (0x723ccc708690), *:10003/UDP (0x723ccc708990), *:10002/UDP (0x723ccc708c90), *:10001/UDP (0x723ccc708f90), *:10000/UDP (0x723ccc709290) (for WebRTCProvider)
[2025-11-23 16:01:09.770] I [OvenMediaEngine:1] ICE | ice_port_manager.cpp:199  | TURN port is listening on *:3478/TCP (for WebRTCProvider)
[2025-11-23 16:01:09.771] I [OvenMediaEngine:1] Provider | provider.cpp:37   | WebRTCProvider has been started.
[2025-11-23 16:01:09.772] I [OvenMediaEngine:1] OvenMediaEngine | main.cpp:143  | Trying to create MPEG-TS Provider...
[2025-11-23 16:01:09.772] W [OvenMediaEngine:1] MpegtsProvider | mpegts_provider.cpp:147  | MPEGTSProvider is disabled by configuration
[2025-11-23 16:01:09.772] I [OvenMediaEngine:1] MpegtsProvider | mpegts_provider.cpp:39   | Terminated Mpegts Provider module.
[2025-11-23 16:01:09.772] I [OvenMediaEngine:1] OvenMediaEngine | main.cpp:144  | Trying to create SRT Provider...
[2025-11-23 16:01:09.772] I [OvenMediaEngine:1] SrtProvider | srt_provider.cpp:110  | SrtProvider is listening on *:9999/SRT
[2025-11-23 16:01:09.772] I [OvenMediaEngine:1] Provider | provider.cpp:37   | SrtProvider has been started.
[2025-11-23 16:01:09.772] I [OvenMediaEngine:1] OvenMediaEngine | main.cpp:145  | Trying to create RTMP Provider...
[2025-11-23 16:01:09.773] I [OvenMediaEngine:1] RTMPProvider | rtmp_provider.cpp:151  | RTMPProvider is listening on *:1935
[2025-11-23 16:01:09.773] I [OvenMediaEngine:1] Provider | provider.cpp:37   | RTMPProvider has been started.
[2025-11-23 16:01:09.773] I [OvenMediaEngine:1] OvenMediaEngine | main.cpp:146  | Trying to create OVT Provider...
[2025-11-23 16:01:09.773] I [OvenMediaEngine:1] Provider | provider.cpp:37   | OVTProvider has been started.
[2025-11-23 16:01:09.773] I [OvenMediaEngine:1] OvenMediaEngine | main.cpp:147  | Trying to create RTSPC Provider...
[2025-11-23 16:01:09.773] I [OvenMediaEngine:1] Provider | provider.cpp:37   | RTSPCProvider has been started.
[2025-11-23 16:01:09.774] I [OvenMediaEngine:1] OvenMediaEngine | main.cpp:148  | Trying to create File Provider...
[2025-11-23 16:01:09.774] I [OvenMediaEngine:1] Provider | provider.cpp:37   | FileProvider has been started.
[2025-11-23 16:01:09.774] I [OvenMediaEngine:1] OvenMediaEngine | main.cpp:149  | Trying to create Scheduled Provider...
[2025-11-23 16:01:09.774] I [OvenMediaEngine:1] Provider | provider.cpp:37   | ScheduledProvider has been started.
[2025-11-23 16:01:09.774] I [OvenMediaEngine:1] OvenMediaEngine | main.cpp:150  | Trying to create Multiplex Provider...
[2025-11-23 16:01:09.774] I [OvenMediaEngine:1] Provider | provider.cpp:37   | MultiplexProvider has been started.
[2025-11-23 16:01:09.774] I [OvenMediaEngine:1] OvenMediaEngine | main.cpp:157  | All modules are initialized successfully
[2025-11-23 16:01:09.775] I [OvenMediaEngine:1] Monitor | monitoring.cpp:94   | OvenMediaEngine(788eaae4-a301-431c-a58a-701ea6b5fbbf) ServerMetric has been started for monitoring - 2025-11-23T16:01:09.775+00:00
[2025-11-23 16:01:09.776] I [OvenMediaEngine:1] Certificate | certificate.cpp:35   | A certificate has been loaded for VirtualHost [default]:
	Cert file path: origin_conf/./cert.crt
	Chain cert file path: origin_conf/./cert.ca-bundle
	Private key file path: origin_conf/./cert.key
[2025-11-23 16:01:09.777] I [OvenMediaEngine:1] Monitor | server_metrics.cpp:61   | Create HostMetrics(default/788eaae4-a301-431c-a58a-701ea6b5fbbf/#default#) for monitoring
[2025-11-23 16:01:09.777] I [OvenMediaEngine:1] Orchestrator | orchestrator.cpp:1302 | Trying to create an application: [#default#app]
[2025-11-23 16:01:09.777] I [OvenMediaEngine:1] Monitor | host_metrics.cpp:58   | Create ApplicationMetrics(#default#app/788eaae4-a301-431c-a58a-701ea6b5fbbf/#default#app) for monitoring
[2025-11-23 16:01:09.777] I [OvenMediaEngine:1] MediaRouter | mediarouter_application.cpp:52   | [#default#app(0)] Created Mediarouter application. Worker(1) DelayBufferTime(0)
[2025-11-23 16:01:09.777] I [OvenMediaEngine:1] MediaRouter | mediarouter.cpp:83   | Created Mediarouter. app(#default#app)
[2025-11-23 16:01:09.778] I [OvenMediaEngine:1] Publisher | application.cpp:226  | WebRTC Publisher Application has created [#default#app] application
[2025-11-23 16:01:09.778] I [OvenMediaEngine:1] Publisher | application.cpp:226  | LLHLS Publisher Application has created [#default#app] application
[2025-11-23 16:01:09.778] I [OvenMediaEngine:1] Publisher | application.cpp:226  | OVTPublisher Application has created [#default#app] application
[2025-11-23 16:01:09.778] W [OvenMediaEngine:1] Publisher | publisher.cpp:68   | File publisher is disabled in #default#app application, so it was not created
[2025-11-23 16:01:09.778] W [OvenMediaEngine:1] Publisher | publisher.cpp:68   | Push publisher is disabled in #default#app application, so it was not created
[2025-11-23 16:01:09.778] I [OvenMediaEngine:1] Transcoder | transcoder_application.cpp:34   | Created transcoder application. [#default#app]
[2025-11-23 16:01:09.778] I [OvenMediaEngine:1] Transcoder | transcoder.cpp:97   | Transcoder has created [config][#default#app] application
[2025-11-23 16:01:09.779] I [OvenMediaEngine:1] Provider | application.cpp:46   | WebRTCProvider has created [#default#app] application
[2025-11-23 16:01:09.779] I [OvenMediaEngine:1] Provider | application.cpp:46   | SrtProvider has created [#default#app] application
[2025-11-23 16:01:09.779] I [OvenMediaEngine:1] Provider | application.cpp:46   | RTMPProvider has created [#default#app] application
[2025-11-23 16:01:09.779] I [OvenMediaEngine:1] Provider | application.cpp:46   | OVTProvider has created [#default#app] application
[2025-11-23 16:01:09.779] I [OvenMediaEngine:1] Provider | application.cpp:46   | RTSPCProvider has created [#default#app] application
[2025-11-23 16:01:09.779] I [OvenMediaEngine:1] Provider | application.cpp:46   | ScheduledProvider has created [#default#app] application
[2025-11-23 16:01:09.779] W [OvenMediaEngine:1] Provider | provider.cpp:91   | Multiplex provider is disabled in #default#app application, so it was not created
[2025-11-23 16:01:09.779] E [OvenMediaEngine:1] APIServer | api_server.cpp:56   | Empty <AccessToken> is not allowed
[2025-11-23 16:01:09.779] I [OvenMediaEngine:1] Monitor | server_metrics.cpp:80   | Delete HostMetrics(default/788eaae4-a301-431c-a58a-701ea6b5fbbf/#default#) for monitoring
[2025-11-23 16:01:09.779] I [OvenMediaEngine:1] Orchestrator | orchestrator.cpp:277  | Trying to delete an application: [#default#app] (0)
[2025-11-23 16:01:09.779] I [OvenMediaEngine:1] MediaRouter | mediarouter_application.cpp:243  | Unregistered observer. app(#default#app) type(3)
[2025-11-23 16:01:09.779] I [OvenMediaEngine:1] MediaRouter | mediarouter_application.cpp:205  | Unregistered connector. app(#default#app) type(0)
[2025-11-23 16:01:09.779] I [OvenMediaEngine:1] Provider | application.cpp:61   | ScheduledProvider has deleted [#default#app] application
[2025-11-23 16:01:09.779] I [OvenMediaEngine:1] MediaRouter | mediarouter_application.cpp:205  | Unregistered connector. app(#default#app) type(0)
[2025-11-23 16:01:09.879] I [OvenMediaEngine:1] Provider | application.cpp:61   | RTSPCProvider has deleted [#default#app] application
[2025-11-23 16:01:09.879] I [OvenMediaEngine:1] MediaRouter | mediarouter_application.cpp:205  | Unregistered connector. app(#default#app) type(0)
[2025-11-23 16:01:09.979] I [OvenMediaEngine:1] Provider | application.cpp:61   | OVTProvider has deleted [#default#app] application
[2025-11-23 16:01:09.979] I [OvenMediaEngine:1] MediaRouter | mediarouter_application.cpp:205  | Unregistered connector. app(#default#app) type(0)
[2025-11-23 16:01:09.979] I [OvenMediaEngine:1] Provider | application.cpp:61   | RTMPProvider has deleted [#default#app] application
[2025-11-23 16:01:09.980] I [OvenMediaEngine:1] MediaRouter | mediarouter_application.cpp:205  | Unregistered connector. app(#default#app) type(0)
[2025-11-23 16:01:09.980] I [OvenMediaEngine:1] Provider | application.cpp:61   | SrtProvider has deleted [#default#app] application
[2025-11-23 16:01:09.980] I [OvenMediaEngine:1] MediaRouter | mediarouter_application.cpp:205  | Unregistered connector. app(#default#app) type(0)
[2025-11-23 16:01:09.980] I [OvenMediaEngine:1] Provider | application.cpp:61   | WebRTCProvider has deleted [#default#app] application
[2025-11-23 16:01:09.980] I [OvenMediaEngine:1] MediaRouter | mediarouter_application.cpp:243  | Unregistered observer. app(#default#app) type(1)
[2025-11-23 16:01:09.980] I [OvenMediaEngine:1] MediaRouter | mediarouter_application.cpp:205  | Unregistered connector. app(#default#app) type(1)
[2025-11-23 16:01:09.980] I [OvenMediaEngine:1] Transcoder | transcoder.cpp:133  | Transcoder has deleted [config][#default#app] application
[2025-11-23 16:01:09.980] I [OvenMediaEngine:1] Transcoder | transcoder_application.cpp:39   | Transcoder application has been destroyed. [#default#app]
[2025-11-23 16:01:09.981] I [OvenMediaEngine:1] Publisher | application.cpp:245  | OVTPublisher Application has deleted [#default#app] application
[2025-11-23 16:01:09.981] I [OvenMediaEngine:1] MediaRouter | mediarouter_application.cpp:243  | Unregistered observer. app(#default#app) type(0)
[2025-11-23 16:01:09.981] I [OvenMediaEngine:1] Publisher | application.cpp:245  | OVTPublisher Application has deleted [#default#app] application
[2025-11-23 16:01:09.981] I [OvenMediaEngine:1] Publisher | application.cpp:245  | OVTPublisher Application has deleted [#default#app] application
[2025-11-23 16:01:09.981] I [OvenMediaEngine:1] Publisher | application.cpp:245  | LLHLS Publisher Application has deleted [#default#app] application
[2025-11-23 16:01:09.981] I [OvenMediaEngine:1] MediaRouter | mediarouter_application.cpp:243  | Unregistered observer. app(#default#app) type(0)
[2025-11-23 16:01:09.981] I [OvenMediaEngine:1] Publisher | application.cpp:245  | LLHLS Publisher Application has deleted [#default#app] application
[2025-11-23 16:01:09.981] I [OvenMediaEngine:1] Publisher | application.cpp:245  | LLHLS Publisher Application has deleted [#default#app] application
[2025-11-23 16:01:09.981] I [OvenMediaEngine:1] Publisher | application.cpp:245  | WebRTC Publisher Application has deleted [#default#app] application
[2025-11-23 16:01:09.981] I [OvenMediaEngine:1] MediaRouter | mediarouter_application.cpp:243  | Unregistered observer. app(#default#app) type(0)
[2025-11-23 16:01:09.981] I [OvenMediaEngine:1] Publisher | application.cpp:245  | WebRTC Publisher Application has deleted [#default#app] application
[2025-11-23 16:01:09.982] I [OvenMediaEngine:1] Publisher | application.cpp:245  | WebRTC Publisher Application has deleted [#default#app] application
[2025-11-23 16:01:09.982] I [OvenMediaEngine:1] MediaRouter | mediarouter_application.cpp:73   | [#default#app(0)] Destroyed Mediarouter application. worker(1)
[2025-11-23 16:01:09.982] I [OvenMediaEngine:1] MediaRouter | mediarouter.cpp:101  | Mediarouter has been destroyed. app(#default#app)
[2025-11-23 16:01:09.982] I [OvenMediaEngine:1] OvenMediaEngine | main.cpp:179  | Trying to release WebRTC Provider...
[2025-11-23 16:01:10.172] I [OvenMediaEngine:1] Provider | provider.cpp:61   | WebRTCProvider has been stopped.
[2025-11-23 16:01:10.172] I [OvenMediaEngine:1] OvenMediaEngine | main.cpp:181  | Trying to release SRT Provider...
[2025-11-23 16:01:10.273] I [OvenMediaEngine:1] Provider | provider.cpp:61   | SrtProvider has been stopped.
[2025-11-23 16:01:10.273] I [OvenMediaEngine:1] OvenMediaEngine | main.cpp:182  | Trying to release RTMP Provider...
[2025-11-23 16:01:10.374] I [OvenMediaEngine:1] Provider | provider.cpp:61   | RTMPProvider has been stopped.
[2025-11-23 16:01:10.374] I [OvenMediaEngine:1] OvenMediaEngine | main.cpp:183  | Trying to release OVT Provider...
[2025-11-23 16:01:10.374] I [OvenMediaEngine:1] Provider | provider.cpp:61   | OVTProvider has been stopped.
[2025-11-23 16:01:10.374] I [OvenMediaEngine:1] OvenMediaEngine | main.cpp:184  | Trying to release RTSPC Provider...
[2025-11-23 16:01:10.374] I [OvenMediaEngine:1] Provider | provider.cpp:61   | RTSPCProvider has been stopped.
[2025-11-23 16:01:10.374] I [OvenMediaEngine:1] OvenMediaEngine | main.cpp:185  | Trying to release File Provider...
[2025-11-23 16:01:10.374] I [OvenMediaEngine:1] Provider | provider.cpp:61   | FileProvider has been stopped.
[2025-11-23 16:01:10.374] I [OvenMediaEngine:1] OvenMediaEngine | main.cpp:186  | Trying to release Scheduled Provider...
[2025-11-23 16:01:10.374] I [OvenMediaEngine:1] Provider | provider.cpp:61   | ScheduledProvider has been stopped.
[2025-11-23 16:01:10.374] I [OvenMediaEngine:1] OvenMediaEngine | main.cpp:187  | Trying to release Multiplex Provider...
[2025-11-23 16:01:10.374] I [OvenMediaEngine:1] Provider | provider.cpp:61   | MultiplexProvider has been stopped.
[2025-11-23 16:01:10.374] I [OvenMediaEngine:1] OvenMediaEngine | main.cpp:191  | Trying to release Transcoder...
[2025-11-23 16:01:10.374] I [OvenMediaEngine:1] Transcoder | transcoder_gpu.cpp:94   | Trying to release Transcoder GPU resources
[2025-11-23 16:01:10.374] I [OvenMediaEngine:1] OvenMediaEngine | main.cpp:193  | Trying to release WebRTC Publisher...
[2025-11-23 16:01:10.374] I [OvenMediaEngine:1] Publisher | publisher.cpp:42   | WebRTC Publisher has been stopped.
[2025-11-23 16:01:10.374] I [OvenMediaEngine:1] OvenMediaEngine | main.cpp:194  | Trying to release LLHLS Publisher...
[2025-11-23 16:01:10.375] I [OvenMediaEngine:1] Publisher | publisher.cpp:42   | LLHLS Publisher has been stopped.
[2025-11-23 16:01:10.375] I [OvenMediaEngine:1] OvenMediaEngine | main.cpp:195  | Trying to release OVT Publisher...
[2025-11-23 16:01:10.470] I [OvenMediaEngine:1] Publisher | publisher.cpp:42   | OVTPublisher has been stopped.
[2025-11-23 16:01:10.470] I [OvenMediaEngine:1] OvenMediaEngine | main.cpp:196  | Trying to release File Publisher...
[2025-11-23 16:01:10.470] I [OvenMediaEngine:1] Publisher | publisher.cpp:42   | FilePublisher has been stopped.
[2025-11-23 16:01:10.470] I [OvenMediaEngine:1] OvenMediaEngine | main.cpp:197  | Trying to release Push Publisher...
[2025-11-23 16:01:10.470] I [OvenMediaEngine:1] Publisher | publisher.cpp:42   | PushPublisher has been stopped.
[2025-11-23 16:01:10.470] I [OvenMediaEngine:1] OvenMediaEngine | main.cpp:202  | Trying to release MediaRouter...
[2025-11-23 16:01:10.470] I [OvenMediaEngine:1] MediaRouter | mediarouter.cpp:49   | Mediarouter has been stopped.
[2025-11-23 16:01:10.471] I [OvenMediaEngine:1] OvenMediaEngine | main.cpp:359  | Uninitializing TCP socket pool...
[2025-11-23 16:01:10.472] I [OvenMediaEngine:1] OvenMediaEngine | main.cpp:361  | Uninitializing UDP socket pool...
[2025-11-23 16:01:10.508] I [OvenMediaEngine:1] OvenMediaEngine | main.cpp:364  | OvenMediaEngine will be terminated
[2025-11-23 16:01:10.508] I [OvenMediaEngine:1] Provider | provider.cpp:61   | FileProvider has been stopped.
[2025-11-23 16:01:10.509] I [OvenMediaEngine:1] Provider | provider.cpp:61   | RTSPCProvider has been stopped.
[2025-11-23 16:01:10.509] I [OvenMediaEngine:1] Provider | provider.cpp:61   | OVTProvider has been stopped.
[2025-11-23 16:01:10.509] I [OvenMediaEngine:1] RTMPProvider | rtmp_provider.cpp:72   | Terminated Rtmp Provider module.
[2025-11-23 16:01:10.509] I [OvenMediaEngine:1] SrtProvider | srt_provider.cpp:40   | Terminated SRT Provider module.
[2025-11-23 16:01:24.931] I [OvenMediaEngine:1] Config | config_manager.cpp:233  | Trying to set logfile in directory... (/var/log/ovenmediaengine)
[2025-11-23 16:01:24.931] I [OvenMediaEngine:1] Config | config_manager.cpp:255  | Trying to load configurations... (origin_conf/Server.xml)
[2025-11-23 16:01:24.936] I [OvenMediaEngine:1] OvenMediaEngine | banner.cpp:23   | OvenMediaEngine v0.19.0 (v0.19.0) is started on [c6df2cb72d0b] (Linux x86_64 - 6.8.0-87-generic, #88~22.04.1-Ubuntu SMP PREEMPT_DYNAMIC Tue Oct 14 14:03:14 UTC 2)
[2025-11-23 16:01:24.936] I [OvenMediaEngine:1] OvenMediaEngine | banner.cpp:27   | With modules:
[2025-11-23 16:01:24.936] I [OvenMediaEngine:1] OvenMediaEngine | banner.cpp:28   |   FFmpeg 5.1.4
[2025-11-23 16:01:24.936] I [OvenMediaEngine:1] OvenMediaEngine | banner.cpp:29   |     Configuration: --prefix=/opt/ovenmediaengine --extra-cflags='-I/opt/ovenmediaengine/include ' --extra-ldflags=' -L/opt/ovenmediaengine/lib -Wl,-rpath,/opt/ovenmediaengine/lib -Wl,--disable-new-dtags' --extra-libs=-ldl --enable-gpl --enable-nonfree --disable-everything --disable-programs --disable-avdevice --disable-dwt --disable-lsp --disable-faan --disable-pixelutils --enable-shared --enable-zlib --enable-libopus --enable-libvpx --enable-libfdk_aac --enable-libopenh264 --enable-openssl --enable-network --enable-libsrt --enable-dct --enable-rdft --enable-libwebp --disable-nvdec --disable-nvdec --disable-vaapi --disable-vdpau --disable-cuda-llvm --disable-cuvid --disable-ffnvcodec --enable-libx264 --enable-encoder='libvpx_vp8,libopus,libfdk_aac,libopenh264,mjpeg,png,libwebp,libx264' --enable-decoder='aac,aac_latm,aac_fixed,mp3float,mp3,h264,hevc,opus,vp8' --enable-parser='aac,aac_latm,aac_fixed,h264,hevc,opus,vp8' --enable-protocol='tcp,udp,rtp,file,rtmp,tls,rtmps,libsrt' --enable-demuxer='rtsp,flv,live_flv,mp4,mp3' --enable-muxer='mp4,webm,mpegts,flv,mpjpeg' --enable-filter='asetnsamples,aresample,aformat,channelmap,channelsplit,scale,transpose,fps,settb,asettb,crop,format'
[2025-11-23 16:01:24.936] I [OvenMediaEngine:1] OvenMediaEngine | banner.cpp:30   |     libavformat: 59.27.100
[2025-11-23 16:01:24.936] I [OvenMediaEngine:1] OvenMediaEngine | banner.cpp:31   |     libavcodec: 59.37.100
[2025-11-23 16:01:24.936] I [OvenMediaEngine:1] OvenMediaEngine | banner.cpp:32   |     libavutil: 57.28.100
[2025-11-23 16:01:24.936] I [OvenMediaEngine:1] OvenMediaEngine | banner.cpp:33   |     libavfilter: 8.44.100
[2025-11-23 16:01:24.936] I [OvenMediaEngine:1] OvenMediaEngine | banner.cpp:34   |     libswresample: 4.7.100
[2025-11-23 16:01:24.936] I [OvenMediaEngine:1] OvenMediaEngine | banner.cpp:35   |     libswscale: 6.7.100
[2025-11-23 16:01:24.936] I [OvenMediaEngine:1] OvenMediaEngine | banner.cpp:36   |   SRT: 1.5.2
[2025-11-23 16:01:24.936] I [OvenMediaEngine:1] OvenMediaEngine | banner.cpp:37   |   SRTP: libsrtp2 2.4.2
[2025-11-23 16:01:24.936] I [OvenMediaEngine:1] OvenMediaEngine | banner.cpp:38   |   OpenSSL: OpenSSL 3.0.7 1 Nov 2022
[2025-11-23 16:01:24.936] I [OvenMediaEngine:1] OvenMediaEngine | banner.cpp:39   |     Configuration: compiler: gcc -fPIC -pthread -m64 -Wa,--noexecstack -Wall -O3 -DOPENSSL_USE_NODELETE -DL_ENDIAN -DOPENSSL_PIC -DOPENSSL_BUILDING_OPENSSL -DNDEBUG
[2025-11-23 16:01:24.936] I [OvenMediaEngine:1] OvenMediaEngine | banner.cpp:40   |   JsonCpp: 1.9.3
[2025-11-23 16:01:24.936] I [OvenMediaEngine:1] OvenMediaEngine | banner.cpp:41   |   jemalloc: 5.3.0-0-g54eaed1d8b56b1aa528be3bdd1877e59c56fa90c
[2025-11-23 16:01:24.936] I [OvenMediaEngine:1] OvenMediaEngine | banner.cpp:42   |   spdlog: 1.15.1
[2025-11-23 16:01:24.936] I [OvenMediaEngine:1] OvenMediaEngine | main.cpp:73   | Server ID : 788eaae4-a301-431c-a58a-701ea6b5fbbf
[2025-11-23 16:01:25.692] I [OvenMediaEngine:1] OvenMediaEngine | main.cpp:91   | Resolved public IP address (110.139.54.93) from stun server (stun.ovenmediaengine.com:13478)
[2025-11-23 16:01:25.693] I [OvenMediaEngine:1] OvenMediaEngine | main.cpp:109  | This host supports IPv4 and IPv6
[2025-11-23 16:01:25.706] I [OvenMediaEngine:1] OvenMediaEngine | main.cpp:126  | Trying to create MediaRouter...
[2025-11-23 16:01:25.706] I [OvenMediaEngine:1] MediaRouter | mediarouter.cpp:40   | Mediarouter has been started.
[2025-11-23 16:01:25.706] I [OvenMediaEngine:1] OvenMediaEngine | main.cpp:129  | Trying to create WebRTC Publisher...
[2025-11-23 16:01:25.707] I [OvenMediaEngine:1] Signalling.P2P | rtc_p2p_manager.cpp:27   | P2P is disabled in the configuration
[2025-11-23 16:01:25.708] I [OvenMediaEngine:1] HTTP.Server | http_server_manager.cpp:319  | WebRTC Publisher is listening on *:3333 (TLS: *:3334)...
[2025-11-23 16:01:25.708] I [OvenMediaEngine:1] ICE | ice_port_manager.cpp:314  | ICE candidate found: 192.168.1.205:10000
[2025-11-23 16:01:25.708] I [OvenMediaEngine:1] ICE | ice_port_manager.cpp:314  | ICE candidate found: 192.168.1.205:10001
[2025-11-23 16:01:25.708] I [OvenMediaEngine:1] ICE | ice_port_manager.cpp:314  | ICE candidate found: 192.168.1.205:10002
[2025-11-23 16:01:25.709] I [OvenMediaEngine:1] ICE | ice_port_manager.cpp:314  | ICE candidate found: 192.168.1.205:10003
[2025-11-23 16:01:25.709] I [OvenMediaEngine:1] ICE | ice_port_manager.cpp:314  | ICE candidate found: 192.168.1.205:10004
[2025-11-23 16:01:25.710] I [OvenMediaEngine:1] ICE | ice_port.cpp:113  | ICE ports are listening on *:10004/UDP (0x7bd7a9f08690), *:10003/UDP (0x7bd7a9f08990), *:10002/UDP (0x7bd7a9f08c90), *:10001/UDP (0x7bd7a9f08f90), *:10000/UDP (0x7bd7a9f09290) (for WebRTC Publisher)
[2025-11-23 16:01:25.710] I [OvenMediaEngine:1] ICE | ice_port_manager.cpp:199  | TURN port is listening on *:3478/TCP (for WebRTC Publisher)
[2025-11-23 16:01:25.710] I [OvenMediaEngine:1] Publisher | publisher.cpp:19   | WebRTC Publisher has been started.
[2025-11-23 16:01:25.710] I [OvenMediaEngine:1] OvenMediaEngine | main.cpp:130  | Trying to create LLHLS Publisher...
[2025-11-23 16:01:25.711] I [OvenMediaEngine:1] HTTP.Server | http_server_manager.cpp:319  | LLHLS Publisher is listening on *:3333 (TLS: *:3334)...
[2025-11-23 16:01:25.711] I [OvenMediaEngine:1] Publisher | publisher.cpp:19   | LLHLS Publisher has been started.
[2025-11-23 16:01:25.711] I [OvenMediaEngine:1] OvenMediaEngine | main.cpp:131  | Trying to create OVT Publisher...
[2025-11-23 16:01:25.712] I [OvenMediaEngine:1] OVT | ovt_publisher.cpp:90   | OVTPublisher is listening on *:9000/TCP...
[2025-11-23 16:01:25.712] I [OvenMediaEngine:1] Publisher | publisher.cpp:19   | OVTPublisher has been started.
[2025-11-23 16:01:25.712] I [OvenMediaEngine:1] OvenMediaEngine | main.cpp:132  | Trying to create File Publisher...
[2025-11-23 16:01:25.712] I [OvenMediaEngine:1] Publisher | publisher.cpp:19   | FilePublisher has been started.
[2025-11-23 16:01:25.712] I [OvenMediaEngine:1] OvenMediaEngine | main.cpp:133  | Trying to create Push Publisher...
[2025-11-23 16:01:25.712] I [OvenMediaEngine:1] Publisher | publisher.cpp:19   | PushPublisher has been started.
[2025-11-23 16:01:25.713] I [OvenMediaEngine:1] OvenMediaEngine | main.cpp:134  | Trying to create Thumbnail Publisher...
[2025-11-23 16:01:25.713] W [OvenMediaEngine:1] Thumbnail | thumbnail_publisher.cpp:79   | ThumbnailPublisher is disabled by configuration
[2025-11-23 16:01:25.713] I [OvenMediaEngine:1] OvenMediaEngine | main.cpp:135  | Trying to create HLS Publisher...
[2025-11-23 16:01:25.713] W [OvenMediaEngine:1] HLS Publisher | hls_publisher.cpp:78   | HLSv3 Publisher is disabled by configuration
[2025-11-23 16:01:25.713] I [OvenMediaEngine:1] OvenMediaEngine | main.cpp:136  | Trying to create SRT Publisher...
[2025-11-23 16:01:25.713] W [OvenMediaEngine:1] SRTPublisher | srt_publisher.cpp:43   | SRTPublisher is disabled by configuration
[2025-11-23 16:01:25.713] I [OvenMediaEngine:1] OvenMediaEngine | main.cpp:139  | Trying to create Transcoder...
[2025-11-23 16:01:25.713] I [OvenMediaEngine:1] Transcoder | transcoder_gpu.cpp:94   | Trying to release Transcoder GPU resources
[2025-11-23 16:01:25.713] I [OvenMediaEngine:1] Transcoder | transcoder_gpu.cpp:45   | Trying to check available hardware accelerators
[2025-11-23 16:01:25.713] W [OvenMediaEngine:1] Transcoder | transcoder_gpu.cpp:54   | No supported NVIDIA accelerator
[2025-11-23 16:01:25.713] W [OvenMediaEngine:1] Transcoder | transcoder_gpu.cpp:64   | No supported Xilinx Media accelerator
[2025-11-23 16:01:25.713] W [OvenMediaEngine:1] Transcoder | transcoder_gpu.cpp:74   | No supported Intel QuickSync accelerator
[2025-11-23 16:01:25.714] W [OvenMediaEngine:1] Transcoder | transcoder_gpu.cpp:84   | No supported Netint VPU accelerator
[2025-11-23 16:01:25.714] I [OvenMediaEngine:1] OvenMediaEngine | main.cpp:142  | Trying to create WebRTC Provider...
[2025-11-23 16:01:25.714] I [OvenMediaEngine:1] Signalling.P2P | rtc_p2p_manager.cpp:27   | P2P is disabled in the configuration
[2025-11-23 16:01:25.714] I [OvenMediaEngine:1] HTTP.Server | http_server_manager.cpp:319  | WebRTCProvider is listening on *:3333 (TLS: *:3334)...
[2025-11-23 16:01:25.714] I [OvenMediaEngine:1] HTTP.Server | http_server_manager.cpp:319  | WebRTCProvider is listening on *:3333 (TLS: *:3334)...
[2025-11-23 16:01:25.714] I [OvenMediaEngine:1] ICE | ice_port_manager.cpp:314  | ICE candidate found: 192.168.1.205:10000
[2025-11-23 16:01:25.714] I [OvenMediaEngine:1] ICE | ice_port_manager.cpp:314  | ICE candidate found: 192.168.1.205:10001
[2025-11-23 16:01:25.714] I [OvenMediaEngine:1] ICE | ice_port_manager.cpp:314  | ICE candidate found: 192.168.1.205:10002
[2025-11-23 16:01:25.714] I [OvenMediaEngine:1] ICE | ice_port_manager.cpp:314  | ICE candidate found: 192.168.1.205:10003
[2025-11-23 16:01:25.714] I [OvenMediaEngine:1] ICE | ice_port_manager.cpp:314  | ICE candidate found: 192.168.1.205:10004
[2025-11-23 16:01:25.715] I [OvenMediaEngine:1] ICE | ice_port.cpp:113  | ICE ports are listening on *:10004/UDP (0x7bd7a9f08690), *:10003/UDP (0x7bd7a9f08990), *:10002/UDP (0x7bd7a9f08c90), *:10001/UDP (0x7bd7a9f08f90), *:10000/UDP (0x7bd7a9f09290) (for WebRTCProvider)
[2025-11-23 16:01:25.715] I [OvenMediaEngine:1] ICE | ice_port_manager.cpp:199  | TURN port is listening on *:3478/TCP (for WebRTCProvider)
[2025-11-23 16:01:25.716] I [OvenMediaEngine:1] Provider | provider.cpp:37   | WebRTCProvider has been started.
[2025-11-23 16:01:25.716] I [OvenMediaEngine:1] OvenMediaEngine | main.cpp:143  | Trying to create MPEG-TS Provider...
[2025-11-23 16:01:25.716] W [OvenMediaEngine:1] MpegtsProvider | mpegts_provider.cpp:147  | MPEGTSProvider is disabled by configuration
[2025-11-23 16:01:25.716] I [OvenMediaEngine:1] MpegtsProvider | mpegts_provider.cpp:39   | Terminated Mpegts Provider module.
[2025-11-23 16:01:25.716] I [OvenMediaEngine:1] OvenMediaEngine | main.cpp:144  | Trying to create SRT Provider...
[2025-11-23 16:01:25.717] I [OvenMediaEngine:1] SrtProvider | srt_provider.cpp:110  | SrtProvider is listening on *:9999/SRT
[2025-11-23 16:01:25.717] I [OvenMediaEngine:1] Provider | provider.cpp:37   | SrtProvider has been started.
[2025-11-23 16:01:25.717] I [OvenMediaEngine:1] OvenMediaEngine | main.cpp:145  | Trying to create RTMP Provider...
[2025-11-23 16:01:25.717] I [OvenMediaEngine:1] RTMPProvider | rtmp_provider.cpp:151  | RTMPProvider is listening on *:1935
[2025-11-23 16:01:25.717] I [OvenMediaEngine:1] Provider | provider.cpp:37   | RTMPProvider has been started.
[2025-11-23 16:01:25.718] I [OvenMediaEngine:1] OvenMediaEngine | main.cpp:146  | Trying to create OVT Provider...
[2025-11-23 16:01:25.718] I [OvenMediaEngine:1] Provider | provider.cpp:37   | OVTProvider has been started.
[2025-11-23 16:01:25.718] I [OvenMediaEngine:1] OvenMediaEngine | main.cpp:147  | Trying to create RTSPC Provider...
[2025-11-23 16:01:25.718] I [OvenMediaEngine:1] Provider | provider.cpp:37   | RTSPCProvider has been started.
[2025-11-23 16:01:25.718] I [OvenMediaEngine:1] OvenMediaEngine | main.cpp:148  | Trying to create File Provider...
[2025-11-23 16:01:25.718] I [OvenMediaEngine:1] Provider | provider.cpp:37   | FileProvider has been started.
[2025-11-23 16:01:25.718] I [OvenMediaEngine:1] OvenMediaEngine | main.cpp:149  | Trying to create Scheduled Provider...
[2025-11-23 16:01:25.718] I [OvenMediaEngine:1] Provider | provider.cpp:37   | ScheduledProvider has been started.
[2025-11-23 16:01:25.719] I [OvenMediaEngine:1] OvenMediaEngine | main.cpp:150  | Trying to create Multiplex Provider...
[2025-11-23 16:01:25.719] I [OvenMediaEngine:1] Provider | provider.cpp:37   | MultiplexProvider has been started.
[2025-11-23 16:01:25.719] I [OvenMediaEngine:1] OvenMediaEngine | main.cpp:157  | All modules are initialized successfully
[2025-11-23 16:01:25.719] I [OvenMediaEngine:1] Monitor | monitoring.cpp:94   | OvenMediaEngine(788eaae4-a301-431c-a58a-701ea6b5fbbf) ServerMetric has been started for monitoring - 2025-11-23T16:01:25.719+00:00
[2025-11-23 16:01:25.720] I [OvenMediaEngine:1] Certificate | certificate.cpp:35   | A certificate has been loaded for VirtualHost [default]:
	Cert file path: origin_conf/./cert.crt
	Chain cert file path: origin_conf/./cert.ca-bundle
	Private key file path: origin_conf/./cert.key
[2025-11-23 16:01:25.721] I [OvenMediaEngine:1] Monitor | server_metrics.cpp:61   | Create HostMetrics(default/788eaae4-a301-431c-a58a-701ea6b5fbbf/#default#) for monitoring
[2025-11-23 16:01:25.721] I [OvenMediaEngine:1] Orchestrator | orchestrator.cpp:1302 | Trying to create an application: [#default#app]
[2025-11-23 16:01:25.721] I [OvenMediaEngine:1] Monitor | host_metrics.cpp:58   | Create ApplicationMetrics(#default#app/788eaae4-a301-431c-a58a-701ea6b5fbbf/#default#app) for monitoring
[2025-11-23 16:01:25.722] I [OvenMediaEngine:1] MediaRouter | mediarouter_application.cpp:52   | [#default#app(0)] Created Mediarouter application. Worker(1) DelayBufferTime(0)
[2025-11-23 16:01:25.722] I [OvenMediaEngine:1] MediaRouter | mediarouter.cpp:83   | Created Mediarouter. app(#default#app)
[2025-11-23 16:01:25.722] I [OvenMediaEngine:1] Publisher | application.cpp:226  | WebRTC Publisher Application has created [#default#app] application
[2025-11-23 16:01:25.722] I [OvenMediaEngine:1] Publisher | application.cpp:226  | LLHLS Publisher Application has created [#default#app] application
[2025-11-23 16:01:25.723] I [OvenMediaEngine:1] Publisher | application.cpp:226  | OVTPublisher Application has created [#default#app] application
[2025-11-23 16:01:25.723] W [OvenMediaEngine:1] Publisher | publisher.cpp:68   | File publisher is disabled in #default#app application, so it was not created
[2025-11-23 16:01:25.723] W [OvenMediaEngine:1] Publisher | publisher.cpp:68   | Push publisher is disabled in #default#app application, so it was not created
[2025-11-23 16:01:25.723] I [OvenMediaEngine:1] Transcoder | transcoder_application.cpp:34   | Created transcoder application. [#default#app]
[2025-11-23 16:01:25.723] I [OvenMediaEngine:1] Transcoder | transcoder.cpp:97   | Transcoder has created [config][#default#app] application
[2025-11-23 16:01:25.723] I [OvenMediaEngine:1] Provider | application.cpp:46   | WebRTCProvider has created [#default#app] application
[2025-11-23 16:01:25.723] I [OvenMediaEngine:1] Provider | application.cpp:46   | SrtProvider has created [#default#app] application
[2025-11-23 16:01:25.723] I [OvenMediaEngine:1] Provider | application.cpp:46   | RTMPProvider has created [#default#app] application
[2025-11-23 16:01:25.723] I [OvenMediaEngine:1] Provider | application.cpp:46   | OVTProvider has created [#default#app] application
[2025-11-23 16:01:25.723] I [OvenMediaEngine:1] Provider | application.cpp:46   | RTSPCProvider has created [#default#app] application
[2025-11-23 16:01:25.724] I [OvenMediaEngine:1] Provider | application.cpp:46   | ScheduledProvider has created [#default#app] application
[2025-11-23 16:01:25.724] W [OvenMediaEngine:1] Provider | provider.cpp:91   | Multiplex provider is disabled in #default#app application, so it was not created
[2025-11-23 16:01:25.724] E [OvenMediaEngine:1] APIServer | api_server.cpp:56   | Empty <AccessToken> is not allowed
[2025-11-23 16:01:25.724] I [OvenMediaEngine:1] Monitor | server_metrics.cpp:80   | Delete HostMetrics(default/788eaae4-a301-431c-a58a-701ea6b5fbbf/#default#) for monitoring
[2025-11-23 16:01:25.724] I [OvenMediaEngine:1] Orchestrator | orchestrator.cpp:277  | Trying to delete an application: [#default#app] (0)
[2025-11-23 16:01:25.724] I [OvenMediaEngine:1] MediaRouter | mediarouter_application.cpp:243  | Unregistered observer. app(#default#app) type(3)
[2025-11-23 16:01:25.724] I [OvenMediaEngine:1] MediaRouter | mediarouter_application.cpp:205  | Unregistered connector. app(#default#app) type(0)
[2025-11-23 16:01:25.724] I [OvenMediaEngine:1] Provider | application.cpp:61   | ScheduledProvider has deleted [#default#app] application
[2025-11-23 16:01:25.724] I [OvenMediaEngine:1] MediaRouter | mediarouter_application.cpp:205  | Unregistered connector. app(#default#app) type(0)
[2025-11-23 16:01:25.824] I [OvenMediaEngine:1] Provider | application.cpp:61   | RTSPCProvider has deleted [#default#app] application
[2025-11-23 16:01:25.824] I [OvenMediaEngine:1] MediaRouter | mediarouter_application.cpp:205  | Unregistered connector. app(#default#app) type(0)
[2025-11-23 16:01:25.924] I [OvenMediaEngine:1] Provider | application.cpp:61   | OVTProvider has deleted [#default#app] application
[2025-11-23 16:01:25.924] I [OvenMediaEngine:1] MediaRouter | mediarouter_application.cpp:205  | Unregistered connector. app(#default#app) type(0)
[2025-11-23 16:01:25.924] I [OvenMediaEngine:1] Provider | application.cpp:61   | RTMPProvider has deleted [#default#app] application
[2025-11-23 16:01:25.924] I [OvenMediaEngine:1] MediaRouter | mediarouter_application.cpp:205  | Unregistered connector. app(#default#app) type(0)
[2025-11-23 16:01:25.924] I [OvenMediaEngine:1] Provider | application.cpp:61   | SrtProvider has deleted [#default#app] application
[2025-11-23 16:01:25.924] I [OvenMediaEngine:1] MediaRouter | mediarouter_application.cpp:205  | Unregistered connector. app(#default#app) type(0)
[2025-11-23 16:01:25.924] I [OvenMediaEngine:1] Provider | application.cpp:61   | WebRTCProvider has deleted [#default#app] application
[2025-11-23 16:01:25.925] I [OvenMediaEngine:1] MediaRouter | mediarouter_application.cpp:243  | Unregistered observer. app(#default#app) type(1)
[2025-11-23 16:01:25.925] I [OvenMediaEngine:1] MediaRouter | mediarouter_application.cpp:205  | Unregistered connector. app(#default#app) type(1)
[2025-11-23 16:01:25.925] I [OvenMediaEngine:1] Transcoder | transcoder.cpp:133  | Transcoder has deleted [config][#default#app] application
[2025-11-23 16:01:25.925] I [OvenMediaEngine:1] Transcoder | transcoder_application.cpp:39   | Transcoder application has been destroyed. [#default#app]
[2025-11-23 16:01:25.925] I [OvenMediaEngine:1] Publisher | application.cpp:245  | OVTPublisher Application has deleted [#default#app] application
[2025-11-23 16:01:25.925] I [OvenMediaEngine:1] MediaRouter | mediarouter_application.cpp:243  | Unregistered observer. app(#default#app) type(0)
[2025-11-23 16:01:25.925] I [OvenMediaEngine:1] Publisher | application.cpp:245  | OVTPublisher Application has deleted [#default#app] application
[2025-11-23 16:01:25.925] I [OvenMediaEngine:1] Publisher | application.cpp:245  | OVTPublisher Application has deleted [#default#app] application
[2025-11-23 16:01:25.925] I [OvenMediaEngine:1] Publisher | application.cpp:245  | LLHLS Publisher Application has deleted [#default#app] application
[2025-11-23 16:01:25.925] I [OvenMediaEngine:1] MediaRouter | mediarouter_application.cpp:243  | Unregistered observer. app(#default#app) type(0)
[2025-11-23 16:01:25.925] I [OvenMediaEngine:1] Publisher | application.cpp:245  | LLHLS Publisher Application has deleted [#default#app] application
[2025-11-23 16:01:25.925] I [OvenMediaEngine:1] Publisher | application.cpp:245  | LLHLS Publisher Application has deleted [#default#app] application
[2025-11-23 16:01:25.926] I [OvenMediaEngine:1] Publisher | application.cpp:245  | WebRTC Publisher Application has deleted [#default#app] application
[2025-11-23 16:01:25.926] I [OvenMediaEngine:1] MediaRouter | mediarouter_application.cpp:243  | Unregistered observer. app(#default#app) type(0)
[2025-11-23 16:01:25.926] I [OvenMediaEngine:1] Publisher | application.cpp:245  | WebRTC Publisher Application has deleted [#default#app] application
[2025-11-23 16:01:25.926] I [OvenMediaEngine:1] Publisher | application.cpp:245  | WebRTC Publisher Application has deleted [#default#app] application
[2025-11-23 16:01:25.926] I [OvenMediaEngine:1] MediaRouter | mediarouter_application.cpp:73   | [#default#app(0)] Destroyed Mediarouter application. worker(1)
[2025-11-23 16:01:25.926] I [OvenMediaEngine:1] MediaRouter | mediarouter.cpp:101  | Mediarouter has been destroyed. app(#default#app)
[2025-11-23 16:01:25.927] I [OvenMediaEngine:1] OvenMediaEngine | main.cpp:179  | Trying to release WebRTC Provider...
[2025-11-23 16:01:26.016] I [OvenMediaEngine:1] Provider | provider.cpp:61   | WebRTCProvider has been stopped.
[2025-11-23 16:01:26.016] I [OvenMediaEngine:1] OvenMediaEngine | main.cpp:181  | Trying to release SRT Provider...
[2025-11-23 16:01:26.117] I [OvenMediaEngine:1] Provider | provider.cpp:61   | SrtProvider has been stopped.
[2025-11-23 16:01:26.117] I [OvenMediaEngine:1] OvenMediaEngine | main.cpp:182  | Trying to release RTMP Provider...
[2025-11-23 16:01:26.218] I [OvenMediaEngine:1] Provider | provider.cpp:61   | RTMPProvider has been stopped.
[2025-11-23 16:01:26.218] I [OvenMediaEngine:1] OvenMediaEngine | main.cpp:183  | Trying to release OVT Provider...
[2025-11-23 16:01:26.218] I [OvenMediaEngine:1] Provider | provider.cpp:61   | OVTProvider has been stopped.
[2025-11-23 16:01:26.218] I [OvenMediaEngine:1] OvenMediaEngine | main.cpp:184  | Trying to release RTSPC Provider...
[2025-11-23 16:01:26.218] I [OvenMediaEngine:1] Provider | provider.cpp:61   | RTSPCProvider has been stopped.
[2025-11-23 16:01:26.218] I [OvenMediaEngine:1] OvenMediaEngine | main.cpp:185  | Trying to release File Provider...
[2025-11-23 16:01:26.218] I [OvenMediaEngine:1] Provider | provider.cpp:61   | FileProvider has been stopped.
[2025-11-23 16:01:26.218] I [OvenMediaEngine:1] OvenMediaEngine | main.cpp:186  | Trying to release Scheduled Provider...
[2025-11-23 16:01:26.219] I [OvenMediaEngine:1] Provider | provider.cpp:61   | ScheduledProvider has been stopped.
[2025-11-23 16:01:26.219] I [OvenMediaEngine:1] OvenMediaEngine | main.cpp:187  | Trying to release Multiplex Provider...
[2025-11-23 16:01:26.219] I [OvenMediaEngine:1] Provider | provider.cpp:61   | MultiplexProvider has been stopped.
[2025-11-23 16:01:26.219] I [OvenMediaEngine:1] OvenMediaEngine | main.cpp:191  | Trying to release Transcoder...
[2025-11-23 16:01:26.219] I [OvenMediaEngine:1] Transcoder | transcoder_gpu.cpp:94   | Trying to release Transcoder GPU resources
[2025-11-23 16:01:26.219] I [OvenMediaEngine:1] OvenMediaEngine | main.cpp:193  | Trying to release WebRTC Publisher...
[2025-11-23 16:01:26.219] I [OvenMediaEngine:1] Publisher | publisher.cpp:42   | WebRTC Publisher has been stopped.
[2025-11-23 16:01:26.219] I [OvenMediaEngine:1] OvenMediaEngine | main.cpp:194  | Trying to release LLHLS Publisher...
[2025-11-23 16:01:26.219] I [OvenMediaEngine:1] Publisher | publisher.cpp:42   | LLHLS Publisher has been stopped.
[2025-11-23 16:01:26.219] I [OvenMediaEngine:1] OvenMediaEngine | main.cpp:195  | Trying to release OVT Publisher...
[2025-11-23 16:01:26.313] I [OvenMediaEngine:1] Publisher | publisher.cpp:42   | OVTPublisher has been stopped.
[2025-11-23 16:01:26.313] I [OvenMediaEngine:1] OvenMediaEngine | main.cpp:196  | Trying to release File Publisher...
[2025-11-23 16:01:26.313] I [OvenMediaEngine:1] Publisher | publisher.cpp:42   | FilePublisher has been stopped.
[2025-11-23 16:01:26.313] I [OvenMediaEngine:1] OvenMediaEngine | main.cpp:197  | Trying to release Push Publisher...
[2025-11-23 16:01:26.313] I [OvenMediaEngine:1] Publisher | publisher.cpp:42   | PushPublisher has been stopped.
[2025-11-23 16:01:26.313] I [OvenMediaEngine:1] OvenMediaEngine | main.cpp:202  | Trying to release MediaRouter...
[2025-11-23 16:01:26.313] I [OvenMediaEngine:1] MediaRouter | mediarouter.cpp:49   | Mediarouter has been stopped.
[2025-11-23 16:01:26.315] I [OvenMediaEngine:1] OvenMediaEngine | main.cpp:359  | Uninitializing TCP socket pool...
[2025-11-23 16:01:26.316] I [OvenMediaEngine:1] OvenMediaEngine | main.cpp:361  | Uninitializing UDP socket pool...
[2025-11-23 16:01:26.400] I [OvenMediaEngine:1] OvenMediaEngine | main.cpp:364  | OvenMediaEngine will be terminated
[2025-11-23 16:01:26.400] I [OvenMediaEngine:1] Provider | provider.cpp:61   | FileProvider has been stopped.
[2025-11-23 16:01:26.401] I [OvenMediaEngine:1] Provider | provider.cpp:61   | RTSPCProvider has been stopped.
[2025-11-23 16:01:26.401] I [OvenMediaEngine:1] Provider | provider.cpp:61   | OVTProvider has been stopped.
[2025-11-23 16:01:26.401] I [OvenMediaEngine:1] RTMPProvider | rtmp_provider.cpp:72   | Terminated Rtmp Provider module.
[2025-11-23 16:01:26.401] I [OvenMediaEngine:1] SrtProvider | srt_provider.cpp:40   | Terminated SRT Provider module.
[2025-11-23 16:01:49.904] I [OvenMediaEngine:1] Config | config_manager.cpp:233  | Trying to set logfile in directory... (/var/log/ovenmediaengine)
[2025-11-23 16:01:49.904] I [OvenMediaEngine:1] Config | config_manager.cpp:255  | Trying to load configurations... (origin_conf/Server.xml)
[2025-11-23 16:01:49.909] I [OvenMediaEngine:1] OvenMediaEngine | banner.cpp:23   | OvenMediaEngine v0.19.0 (v0.19.0) is started on [c6df2cb72d0b] (Linux x86_64 - 6.8.0-87-generic, #88~22.04.1-Ubuntu SMP PREEMPT_DYNAMIC Tue Oct 14 14:03:14 UTC 2)
[2025-11-23 16:01:49.909] I [OvenMediaEngine:1] OvenMediaEngine | banner.cpp:27   | With modules:
[2025-11-23 16:01:49.909] I [OvenMediaEngine:1] OvenMediaEngine | banner.cpp:28   |   FFmpeg 5.1.4
[2025-11-23 16:01:49.909] I [OvenMediaEngine:1] OvenMediaEngine | banner.cpp:29   |     Configuration: --prefix=/opt/ovenmediaengine --extra-cflags='-I/opt/ovenmediaengine/include ' --extra-ldflags=' -L/opt/ovenmediaengine/lib -Wl,-rpath,/opt/ovenmediaengine/lib -Wl,--disable-new-dtags' --extra-libs=-ldl --enable-gpl --enable-nonfree --disable-everything --disable-programs --disable-avdevice --disable-dwt --disable-lsp --disable-faan --disable-pixelutils --enable-shared --enable-zlib --enable-libopus --enable-libvpx --enable-libfdk_aac --enable-libopenh264 --enable-openssl --enable-network --enable-libsrt --enable-dct --enable-rdft --enable-libwebp --disable-nvdec --disable-nvdec --disable-vaapi --disable-vdpau --disable-cuda-llvm --disable-cuvid --disable-ffnvcodec --enable-libx264 --enable-encoder='libvpx_vp8,libopus,libfdk_aac,libopenh264,mjpeg,png,libwebp,libx264' --enable-decoder='aac,aac_latm,aac_fixed,mp3float,mp3,h264,hevc,opus,vp8' --enable-parser='aac,aac_latm,aac_fixed,h264,hevc,opus,vp8' --enable-protocol='tcp,udp,rtp,file,rtmp,tls,rtmps,libsrt' --enable-demuxer='rtsp,flv,live_flv,mp4,mp3' --enable-muxer='mp4,webm,mpegts,flv,mpjpeg' --enable-filter='asetnsamples,aresample,aformat,channelmap,channelsplit,scale,transpose,fps,settb,asettb,crop,format'
[2025-11-23 16:01:49.909] I [OvenMediaEngine:1] OvenMediaEngine | banner.cpp:30   |     libavformat: 59.27.100
[2025-11-23 16:01:49.909] I [OvenMediaEngine:1] OvenMediaEngine | banner.cpp:31   |     libavcodec: 59.37.100
[2025-11-23 16:01:49.909] I [OvenMediaEngine:1] OvenMediaEngine | banner.cpp:32   |     libavutil: 57.28.100
[2025-11-23 16:01:49.909] I [OvenMediaEngine:1] OvenMediaEngine | banner.cpp:33   |     libavfilter: 8.44.100
[2025-11-23 16:01:49.909] I [OvenMediaEngine:1] OvenMediaEngine | banner.cpp:34   |     libswresample: 4.7.100
[2025-11-23 16:01:49.909] I [OvenMediaEngine:1] OvenMediaEngine | banner.cpp:35   |     libswscale: 6.7.100
[2025-11-23 16:01:49.909] I [OvenMediaEngine:1] OvenMediaEngine | banner.cpp:36   |   SRT: 1.5.2
[2025-11-23 16:01:49.909] I [OvenMediaEngine:1] OvenMediaEngine | banner.cpp:37   |   SRTP: libsrtp2 2.4.2
[2025-11-23 16:01:49.909] I [OvenMediaEngine:1] OvenMediaEngine | banner.cpp:38   |   OpenSSL: OpenSSL 3.0.7 1 Nov 2022
[2025-11-23 16:01:49.909] I [OvenMediaEngine:1] OvenMediaEngine | banner.cpp:39   |     Configuration: compiler: gcc -fPIC -pthread -m64 -Wa,--noexecstack -Wall -O3 -DOPENSSL_USE_NODELETE -DL_ENDIAN -DOPENSSL_PIC -DOPENSSL_BUILDING_OPENSSL -DNDEBUG
[2025-11-23 16:01:49.909] I [OvenMediaEngine:1] OvenMediaEngine | banner.cpp:40   |   JsonCpp: 1.9.3
[2025-11-23 16:01:49.909] I [OvenMediaEngine:1] OvenMediaEngine | banner.cpp:41   |   jemalloc: 5.3.0-0-g54eaed1d8b56b1aa528be3bdd1877e59c56fa90c
[2025-11-23 16:01:49.909] I [OvenMediaEngine:1] OvenMediaEngine | banner.cpp:42   |   spdlog: 1.15.1
[2025-11-23 16:01:49.909] I [OvenMediaEngine:1] OvenMediaEngine | main.cpp:73   | Server ID : 788eaae4-a301-431c-a58a-701ea6b5fbbf
[2025-11-23 16:01:50.509] I [OvenMediaEngine:1] OvenMediaEngine | main.cpp:91   | Resolved public IP address (110.139.54.93) from stun server (stun.ovenmediaengine.com:13478)
[2025-11-23 16:01:50.510] I [OvenMediaEngine:1] OvenMediaEngine | main.cpp:109  | This host supports IPv4 and IPv6
[2025-11-23 16:01:50.522] I [OvenMediaEngine:1] OvenMediaEngine | main.cpp:126  | Trying to create MediaRouter...
[2025-11-23 16:01:50.522] I [OvenMediaEngine:1] MediaRouter | mediarouter.cpp:40   | Mediarouter has been started.
[2025-11-23 16:01:50.522] I [OvenMediaEngine:1] OvenMediaEngine | main.cpp:129  | Trying to create WebRTC Publisher...
[2025-11-23 16:01:50.523] I [OvenMediaEngine:1] Signalling.P2P | rtc_p2p_manager.cpp:27   | P2P is disabled in the configuration
[2025-11-23 16:01:50.524] I [OvenMediaEngine:1] HTTP.Server | http_server_manager.cpp:319  | WebRTC Publisher is listening on *:3333 (TLS: *:3334)...
[2025-11-23 16:01:50.524] I [OvenMediaEngine:1] ICE | ice_port_manager.cpp:314  | ICE candidate found: 192.168.1.205:10000
[2025-11-23 16:01:50.524] I [OvenMediaEngine:1] ICE | ice_port_manager.cpp:314  | ICE candidate found: 192.168.1.205:10001
[2025-11-23 16:01:50.525] I [OvenMediaEngine:1] ICE | ice_port_manager.cpp:314  | ICE candidate found: 192.168.1.205:10002
[2025-11-23 16:01:50.525] I [OvenMediaEngine:1] ICE | ice_port_manager.cpp:314  | ICE candidate found: 192.168.1.205:10003
[2025-11-23 16:01:50.525] I [OvenMediaEngine:1] ICE | ice_port_manager.cpp:314  | ICE candidate found: 192.168.1.205:10004
[2025-11-23 16:01:50.526] I [OvenMediaEngine:1] ICE | ice_port.cpp:113  | ICE ports are listening on *:10004/UDP (0x735416d08690), *:10003/UDP (0x735416d08990), *:10002/UDP (0x735416d08c90), *:10001/UDP (0x735416d08f90), *:10000/UDP (0x735416d09290) (for WebRTC Publisher)
[2025-11-23 16:01:50.526] I [OvenMediaEngine:1] ICE | ice_port_manager.cpp:199  | TURN port is listening on *:3478/TCP (for WebRTC Publisher)
[2025-11-23 16:01:50.526] I [OvenMediaEngine:1] Publisher | publisher.cpp:19   | WebRTC Publisher has been started.
[2025-11-23 16:01:50.526] I [OvenMediaEngine:1] OvenMediaEngine | main.cpp:130  | Trying to create LLHLS Publisher...
[2025-11-23 16:01:50.527] I [OvenMediaEngine:1] HTTP.Server | http_server_manager.cpp:319  | LLHLS Publisher is listening on *:3333 (TLS: *:3334)...
[2025-11-23 16:01:50.527] I [OvenMediaEngine:1] Publisher | publisher.cpp:19   | LLHLS Publisher has been started.
[2025-11-23 16:01:50.527] I [OvenMediaEngine:1] OvenMediaEngine | main.cpp:131  | Trying to create OVT Publisher...
[2025-11-23 16:01:50.528] I [OvenMediaEngine:1] OVT | ovt_publisher.cpp:90   | OVTPublisher is listening on *:9000/TCP...
[2025-11-23 16:01:50.528] I [OvenMediaEngine:1] Publisher | publisher.cpp:19   | OVTPublisher has been started.
[2025-11-23 16:01:50.528] I [OvenMediaEngine:1] OvenMediaEngine | main.cpp:132  | Trying to create File Publisher...
[2025-11-23 16:01:50.528] I [OvenMediaEngine:1] Publisher | publisher.cpp:19   | FilePublisher has been started.
[2025-11-23 16:01:50.529] I [OvenMediaEngine:1] OvenMediaEngine | main.cpp:133  | Trying to create Push Publisher...
[2025-11-23 16:01:50.529] I [OvenMediaEngine:1] Publisher | publisher.cpp:19   | PushPublisher has been started.
[2025-11-23 16:01:50.529] I [OvenMediaEngine:1] OvenMediaEngine | main.cpp:134  | Trying to create Thumbnail Publisher...
[2025-11-23 16:01:50.529] W [OvenMediaEngine:1] Thumbnail | thumbnail_publisher.cpp:79   | ThumbnailPublisher is disabled by configuration
[2025-11-23 16:01:50.529] I [OvenMediaEngine:1] OvenMediaEngine | main.cpp:135  | Trying to create HLS Publisher...
[2025-11-23 16:01:50.529] W [OvenMediaEngine:1] HLS Publisher | hls_publisher.cpp:78   | HLSv3 Publisher is disabled by configuration
[2025-11-23 16:01:50.530] I [OvenMediaEngine:1] OvenMediaEngine | main.cpp:136  | Trying to create SRT Publisher...
[2025-11-23 16:01:50.530] W [OvenMediaEngine:1] SRTPublisher | srt_publisher.cpp:43   | SRTPublisher is disabled by configuration
[2025-11-23 16:01:50.530] I [OvenMediaEngine:1] OvenMediaEngine | main.cpp:139  | Trying to create Transcoder...
[2025-11-23 16:01:50.530] I [OvenMediaEngine:1] Transcoder | transcoder_gpu.cpp:94   | Trying to release Transcoder GPU resources
[2025-11-23 16:01:50.530] I [OvenMediaEngine:1] Transcoder | transcoder_gpu.cpp:45   | Trying to check available hardware accelerators
[2025-11-23 16:01:50.530] W [OvenMediaEngine:1] Transcoder | transcoder_gpu.cpp:54   | No supported NVIDIA accelerator
[2025-11-23 16:01:50.530] W [OvenMediaEngine:1] Transcoder | transcoder_gpu.cpp:64   | No supported Xilinx Media accelerator
[2025-11-23 16:01:50.530] W [OvenMediaEngine:1] Transcoder | transcoder_gpu.cpp:74   | No supported Intel QuickSync accelerator
[2025-11-23 16:01:50.530] W [OvenMediaEngine:1] Transcoder | transcoder_gpu.cpp:84   | No supported Netint VPU accelerator
[2025-11-23 16:01:50.530] I [OvenMediaEngine:1] OvenMediaEngine | main.cpp:142  | Trying to create WebRTC Provider...
[2025-11-23 16:01:50.530] I [OvenMediaEngine:1] Signalling.P2P | rtc_p2p_manager.cpp:27   | P2P is disabled in the configuration
[2025-11-23 16:01:50.530] I [OvenMediaEngine:1] HTTP.Server | http_server_manager.cpp:319  | WebRTCProvider is listening on *:3333 (TLS: *:3334)...
[2025-11-23 16:01:50.530] I [OvenMediaEngine:1] HTTP.Server | http_server_manager.cpp:319  | WebRTCProvider is listening on *:3333 (TLS: *:3334)...
[2025-11-23 16:01:50.530] I [OvenMediaEngine:1] ICE | ice_port_manager.cpp:314  | ICE candidate found: 192.168.1.205:10000
[2025-11-23 16:01:50.531] I [OvenMediaEngine:1] ICE | ice_port_manager.cpp:314  | ICE candidate found: 192.168.1.205:10001
[2025-11-23 16:01:50.531] I [OvenMediaEngine:1] ICE | ice_port_manager.cpp:314  | ICE candidate found: 192.168.1.205:10002
[2025-11-23 16:01:50.531] I [OvenMediaEngine:1] ICE | ice_port_manager.cpp:314  | ICE candidate found: 192.168.1.205:10003
[2025-11-23 16:01:50.531] I [OvenMediaEngine:1] ICE | ice_port_manager.cpp:314  | ICE candidate found: 192.168.1.205:10004
[2025-11-23 16:01:50.531] I [OvenMediaEngine:1] ICE | ice_port.cpp:113  | ICE ports are listening on *:10004/UDP (0x735416d08690), *:10003/UDP (0x735416d08990), *:10002/UDP (0x735416d08c90), *:10001/UDP (0x735416d08f90), *:10000/UDP (0x735416d09290) (for WebRTCProvider)
[2025-11-23 16:01:50.531] I [OvenMediaEngine:1] ICE | ice_port_manager.cpp:199  | TURN port is listening on *:3478/TCP (for WebRTCProvider)
[2025-11-23 16:01:50.532] I [OvenMediaEngine:1] Provider | provider.cpp:37   | WebRTCProvider has been started.
[2025-11-23 16:01:50.532] I [OvenMediaEngine:1] OvenMediaEngine | main.cpp:143  | Trying to create MPEG-TS Provider...
[2025-11-23 16:01:50.532] W [OvenMediaEngine:1] MpegtsProvider | mpegts_provider.cpp:147  | MPEGTSProvider is disabled by configuration
[2025-11-23 16:01:50.532] I [OvenMediaEngine:1] MpegtsProvider | mpegts_provider.cpp:39   | Terminated Mpegts Provider module.
[2025-11-23 16:01:50.532] I [OvenMediaEngine:1] OvenMediaEngine | main.cpp:144  | Trying to create SRT Provider...
[2025-11-23 16:01:50.533] I [OvenMediaEngine:1] SrtProvider | srt_provider.cpp:110  | SrtProvider is listening on *:9999/SRT
[2025-11-23 16:01:50.533] I [OvenMediaEngine:1] Provider | provider.cpp:37   | SrtProvider has been started.
[2025-11-23 16:01:50.533] I [OvenMediaEngine:1] OvenMediaEngine | main.cpp:145  | Trying to create RTMP Provider...
[2025-11-23 16:01:50.533] I [OvenMediaEngine:1] RTMPProvider | rtmp_provider.cpp:151  | RTMPProvider is listening on *:1935
[2025-11-23 16:01:50.533] I [OvenMediaEngine:1] Provider | provider.cpp:37   | RTMPProvider has been started.
[2025-11-23 16:01:50.534] I [OvenMediaEngine:1] OvenMediaEngine | main.cpp:146  | Trying to create OVT Provider...
[2025-11-23 16:01:50.534] I [OvenMediaEngine:1] Provider | provider.cpp:37   | OVTProvider has been started.
[2025-11-23 16:01:50.534] I [OvenMediaEngine:1] OvenMediaEngine | main.cpp:147  | Trying to create RTSPC Provider...
[2025-11-23 16:01:50.534] I [OvenMediaEngine:1] Provider | provider.cpp:37   | RTSPCProvider has been started.
[2025-11-23 16:01:50.534] I [OvenMediaEngine:1] OvenMediaEngine | main.cpp:148  | Trying to create File Provider...
[2025-11-23 16:01:50.534] I [OvenMediaEngine:1] Provider | provider.cpp:37   | FileProvider has been started.
[2025-11-23 16:01:50.534] I [OvenMediaEngine:1] OvenMediaEngine | main.cpp:149  | Trying to create Scheduled Provider...
[2025-11-23 16:01:50.534] I [OvenMediaEngine:1] Provider | provider.cpp:37   | ScheduledProvider has been started.
[2025-11-23 16:01:50.535] I [OvenMediaEngine:1] OvenMediaEngine | main.cpp:150  | Trying to create Multiplex Provider...
[2025-11-23 16:01:50.535] I [OvenMediaEngine:1] Provider | provider.cpp:37   | MultiplexProvider has been started.
[2025-11-23 16:01:50.535] I [OvenMediaEngine:1] OvenMediaEngine | main.cpp:157  | All modules are initialized successfully
[2025-11-23 16:01:50.535] I [OvenMediaEngine:1] Monitor | monitoring.cpp:94   | OvenMediaEngine(788eaae4-a301-431c-a58a-701ea6b5fbbf) ServerMetric has been started for monitoring - 2025-11-23T16:01:50.535+00:00
[2025-11-23 16:01:50.536] I [OvenMediaEngine:1] Certificate | certificate.cpp:35   | A certificate has been loaded for VirtualHost [default]:
	Cert file path: origin_conf/./cert.crt
	Chain cert file path: origin_conf/./cert.ca-bundle
	Private key file path: origin_conf/./cert.key
[2025-11-23 16:01:50.537] I [OvenMediaEngine:1] Monitor | server_metrics.cpp:61   | Create HostMetrics(default/788eaae4-a301-431c-a58a-701ea6b5fbbf/#default#) for monitoring
[2025-11-23 16:01:50.537] I [OvenMediaEngine:1] Orchestrator | orchestrator.cpp:1302 | Trying to create an application: [#default#app]
[2025-11-23 16:01:50.537] I [OvenMediaEngine:1] Monitor | host_metrics.cpp:58   | Create ApplicationMetrics(#default#app/788eaae4-a301-431c-a58a-701ea6b5fbbf/#default#app) for monitoring
[2025-11-23 16:01:50.538] I [OvenMediaEngine:1] MediaRouter | mediarouter_application.cpp:52   | [#default#app(0)] Created Mediarouter application. Worker(1) DelayBufferTime(0)
[2025-11-23 16:01:50.538] I [OvenMediaEngine:1] MediaRouter | mediarouter.cpp:83   | Created Mediarouter. app(#default#app)
[2025-11-23 16:01:50.538] I [OvenMediaEngine:1] Publisher | application.cpp:226  | WebRTC Publisher Application has created [#default#app] application
[2025-11-23 16:01:50.538] I [OvenMediaEngine:1] Publisher | application.cpp:226  | LLHLS Publisher Application has created [#default#app] application
[2025-11-23 16:01:50.539] I [OvenMediaEngine:1] Publisher | application.cpp:226  | OVTPublisher Application has created [#default#app] application
[2025-11-23 16:01:50.539] W [OvenMediaEngine:1] Publisher | publisher.cpp:68   | File publisher is disabled in #default#app application, so it was not created
[2025-11-23 16:01:50.539] W [OvenMediaEngine:1] Publisher | publisher.cpp:68   | Push publisher is disabled in #default#app application, so it was not created
[2025-11-23 16:01:50.539] I [OvenMediaEngine:1] Transcoder | transcoder_application.cpp:34   | Created transcoder application. [#default#app]
[2025-11-23 16:01:50.539] I [OvenMediaEngine:1] Transcoder | transcoder.cpp:97   | Transcoder has created [config][#default#app] application
[2025-11-23 16:01:50.539] I [OvenMediaEngine:1] Provider | application.cpp:46   | WebRTCProvider has created [#default#app] application
[2025-11-23 16:01:50.539] I [OvenMediaEngine:1] Provider | application.cpp:46   | SrtProvider has created [#default#app] application
[2025-11-23 16:01:50.539] I [OvenMediaEngine:1] Provider | application.cpp:46   | RTMPProvider has created [#default#app] application
[2025-11-23 16:01:50.539] I [OvenMediaEngine:1] Provider | application.cpp:46   | OVTProvider has created [#default#app] application
[2025-11-23 16:01:50.539] I [OvenMediaEngine:1] Provider | application.cpp:46   | RTSPCProvider has created [#default#app] application
[2025-11-23 16:01:50.540] I [OvenMediaEngine:1] Provider | application.cpp:46   | ScheduledProvider has created [#default#app] application
[2025-11-23 16:01:50.540] W [OvenMediaEngine:1] Provider | provider.cpp:91   | Multiplex provider is disabled in #default#app application, so it was not created
[2025-11-23 16:01:50.540] E [OvenMediaEngine:1] APIServer | api_server.cpp:56   | Empty <AccessToken> is not allowed
[2025-11-23 16:01:50.540] I [OvenMediaEngine:1] Monitor | server_metrics.cpp:80   | Delete HostMetrics(default/788eaae4-a301-431c-a58a-701ea6b5fbbf/#default#) for monitoring
[2025-11-23 16:01:50.540] I [OvenMediaEngine:1] Orchestrator | orchestrator.cpp:277  | Trying to delete an application: [#default#app] (0)
[2025-11-23 16:01:50.540] I [OvenMediaEngine:1] MediaRouter | mediarouter_application.cpp:243  | Unregistered observer. app(#default#app) type(3)
[2025-11-23 16:01:50.540] I [OvenMediaEngine:1] MediaRouter | mediarouter_application.cpp:205  | Unregistered connector. app(#default#app) type(0)
[2025-11-23 16:01:50.540] I [OvenMediaEngine:1] Provider | application.cpp:61   | ScheduledProvider has deleted [#default#app] application
[2025-11-23 16:01:50.540] I [OvenMediaEngine:1] MediaRouter | mediarouter_application.cpp:205  | Unregistered connector. app(#default#app) type(0)
[2025-11-23 16:01:50.640] I [OvenMediaEngine:1] Provider | application.cpp:61   | RTSPCProvider has deleted [#default#app] application
[2025-11-23 16:01:50.640] I [OvenMediaEngine:1] MediaRouter | mediarouter_application.cpp:205  | Unregistered connector. app(#default#app) type(0)
[2025-11-23 16:01:50.739] I [OvenMediaEngine:1] Provider | application.cpp:61   | OVTProvider has deleted [#default#app] application
[2025-11-23 16:01:50.740] I [OvenMediaEngine:1] MediaRouter | mediarouter_application.cpp:205  | Unregistered connector. app(#default#app) type(0)
[2025-11-23 16:01:50.740] I [OvenMediaEngine:1] Provider | application.cpp:61   | RTMPProvider has deleted [#default#app] application
[2025-11-23 16:01:50.740] I [OvenMediaEngine:1] MediaRouter | mediarouter_application.cpp:205  | Unregistered connector. app(#default#app) type(0)
[2025-11-23 16:01:50.740] I [OvenMediaEngine:1] Provider | application.cpp:61   | SrtProvider has deleted [#default#app] application
[2025-11-23 16:01:50.740] I [OvenMediaEngine:1] MediaRouter | mediarouter_application.cpp:205  | Unregistered connector. app(#default#app) type(0)
[2025-11-23 16:01:50.740] I [OvenMediaEngine:1] Provider | application.cpp:61   | WebRTCProvider has deleted [#default#app] application
[2025-11-23 16:01:50.740] I [OvenMediaEngine:1] MediaRouter | mediarouter_application.cpp:243  | Unregistered observer. app(#default#app) type(1)
[2025-11-23 16:01:50.740] I [OvenMediaEngine:1] MediaRouter | mediarouter_application.cpp:205  | Unregistered connector. app(#default#app) type(1)
[2025-11-23 16:01:50.740] I [OvenMediaEngine:1] Transcoder | transcoder.cpp:133  | Transcoder has deleted [config][#default#app] application
[2025-11-23 16:01:50.740] I [OvenMediaEngine:1] Transcoder | transcoder_application.cpp:39   | Transcoder application has been destroyed. [#default#app]
[2025-11-23 16:01:50.740] I [OvenMediaEngine:1] Publisher | application.cpp:245  | OVTPublisher Application has deleted [#default#app] application
[2025-11-23 16:01:50.740] I [OvenMediaEngine:1] MediaRouter | mediarouter_application.cpp:243  | Unregistered observer. app(#default#app) type(0)
[2025-11-23 16:01:50.740] I [OvenMediaEngine:1] Publisher | application.cpp:245  | OVTPublisher Application has deleted [#default#app] application
[2025-11-23 16:01:50.740] I [OvenMediaEngine:1] Publisher | application.cpp:245  | OVTPublisher Application has deleted [#default#app] application
[2025-11-23 16:01:50.740] I [OvenMediaEngine:1] Publisher | application.cpp:245  | LLHLS Publisher Application has deleted [#default#app] application
[2025-11-23 16:01:50.740] I [OvenMediaEngine:1] MediaRouter | mediarouter_application.cpp:243  | Unregistered observer. app(#default#app) type(0)
[2025-11-23 16:01:50.740] I [OvenMediaEngine:1] Publisher | application.cpp:245  | LLHLS Publisher Application has deleted [#default#app] application
[2025-11-23 16:01:50.740] I [OvenMediaEngine:1] Publisher | application.cpp:245  | LLHLS Publisher Application has deleted [#default#app] application
[2025-11-23 16:01:50.740] I [OvenMediaEngine:1] Publisher | application.cpp:245  | WebRTC Publisher Application has deleted [#default#app] application
[2025-11-23 16:01:50.740] I [OvenMediaEngine:1] MediaRouter | mediarouter_application.cpp:243  | Unregistered observer. app(#default#app) type(0)
[2025-11-23 16:01:50.740] I [OvenMediaEngine:1] Publisher | application.cpp:245  | WebRTC Publisher Application has deleted [#default#app] application
[2025-11-23 16:01:50.740] I [OvenMediaEngine:1] Publisher | application.cpp:245  | WebRTC Publisher Application has deleted [#default#app] application
[2025-11-23 16:01:50.741] I [OvenMediaEngine:1] MediaRouter | mediarouter_application.cpp:73   | [#default#app(0)] Destroyed Mediarouter application. worker(1)
[2025-11-23 16:01:50.741] I [OvenMediaEngine:1] MediaRouter | mediarouter.cpp:101  | Mediarouter has been destroyed. app(#default#app)
[2025-11-23 16:01:50.741] I [OvenMediaEngine:1] OvenMediaEngine | main.cpp:179  | Trying to release WebRTC Provider...
[2025-11-23 16:01:50.932] I [OvenMediaEngine:1] Provider | provider.cpp:61   | WebRTCProvider has been stopped.
[2025-11-23 16:01:50.932] I [OvenMediaEngine:1] OvenMediaEngine | main.cpp:181  | Trying to release SRT Provider...
[2025-11-23 16:01:51.033] I [OvenMediaEngine:1] Provider | provider.cpp:61   | SrtProvider has been stopped.
[2025-11-23 16:01:51.033] I [OvenMediaEngine:1] OvenMediaEngine | main.cpp:182  | Trying to release RTMP Provider...
[2025-11-23 16:01:51.134] I [OvenMediaEngine:1] Provider | provider.cpp:61   | RTMPProvider has been stopped.
[2025-11-23 16:01:51.134] I [OvenMediaEngine:1] OvenMediaEngine | main.cpp:183  | Trying to release OVT Provider...
[2025-11-23 16:01:51.134] I [OvenMediaEngine:1] Provider | provider.cpp:61   | OVTProvider has been stopped.
[2025-11-23 16:01:51.134] I [OvenMediaEngine:1] OvenMediaEngine | main.cpp:184  | Trying to release RTSPC Provider...
[2025-11-23 16:01:51.134] I [OvenMediaEngine:1] Provider | provider.cpp:61   | RTSPCProvider has been stopped.
[2025-11-23 16:01:51.134] I [OvenMediaEngine:1] OvenMediaEngine | main.cpp:185  | Trying to release File Provider...
[2025-11-23 16:01:51.134] I [OvenMediaEngine:1] Provider | provider.cpp:61   | FileProvider has been stopped.
[2025-11-23 16:01:51.134] I [OvenMediaEngine:1] OvenMediaEngine | main.cpp:186  | Trying to release Scheduled Provider...
[2025-11-23 16:01:51.135] I [OvenMediaEngine:1] Provider | provider.cpp:61   | ScheduledProvider has been stopped.
[2025-11-23 16:01:51.135] I [OvenMediaEngine:1] OvenMediaEngine | main.cpp:187  | Trying to release Multiplex Provider...
[2025-11-23 16:01:51.135] I [OvenMediaEngine:1] Provider | provider.cpp:61   | MultiplexProvider has been stopped.
[2025-11-23 16:01:51.135] I [OvenMediaEngine:1] OvenMediaEngine | main.cpp:191  | Trying to release Transcoder...
[2025-11-23 16:01:51.135] I [OvenMediaEngine:1] Transcoder | transcoder_gpu.cpp:94   | Trying to release Transcoder GPU resources
[2025-11-23 16:01:51.135] I [OvenMediaEngine:1] OvenMediaEngine | main.cpp:193  | Trying to release WebRTC Publisher...
[2025-11-23 16:01:51.135] I [OvenMediaEngine:1] Publisher | publisher.cpp:42   | WebRTC Publisher has been stopped.
[2025-11-23 16:01:51.135] I [OvenMediaEngine:1] OvenMediaEngine | main.cpp:194  | Trying to release LLHLS Publisher...
[2025-11-23 16:01:51.135] I [OvenMediaEngine:1] Publisher | publisher.cpp:42   | LLHLS Publisher has been stopped.
[2025-11-23 16:01:51.135] I [OvenMediaEngine:1] OvenMediaEngine | main.cpp:195  | Trying to release OVT Publisher...
[2025-11-23 16:01:51.230] I [OvenMediaEngine:1] Publisher | publisher.cpp:42   | OVTPublisher has been stopped.
[2025-11-23 16:01:51.230] I [OvenMediaEngine:1] OvenMediaEngine | main.cpp:196  | Trying to release File Publisher...
[2025-11-23 16:01:51.230] I [OvenMediaEngine:1] Publisher | publisher.cpp:42   | FilePublisher has been stopped.
[2025-11-23 16:01:51.230] I [OvenMediaEngine:1] OvenMediaEngine | main.cpp:197  | Trying to release Push Publisher...
[2025-11-23 16:01:51.230] I [OvenMediaEngine:1] Publisher | publisher.cpp:42   | PushPublisher has been stopped.
[2025-11-23 16:01:51.230] I [OvenMediaEngine:1] OvenMediaEngine | main.cpp:202  | Trying to release MediaRouter...
[2025-11-23 16:01:51.230] I [OvenMediaEngine:1] MediaRouter | mediarouter.cpp:49   | Mediarouter has been stopped.
[2025-11-23 16:01:51.231] I [OvenMediaEngine:1] OvenMediaEngine | main.cpp:359  | Uninitializing TCP socket pool...
[2025-11-23 16:01:51.232] I [OvenMediaEngine:1] OvenMediaEngine | main.cpp:361  | Uninitializing UDP socket pool...
[2025-11-23 16:01:51.284] I [OvenMediaEngine:1] OvenMediaEngine | main.cpp:364  | OvenMediaEngine will be terminated
[2025-11-23 16:01:51.284] I [OvenMediaEngine:1] Provider | provider.cpp:61   | FileProvider has been stopped.
[2025-11-23 16:01:51.284] I [OvenMediaEngine:1] Provider | provider.cpp:61   | RTSPCProvider has been stopped.
[2025-11-23 16:01:51.284] I [OvenMediaEngine:1] Provider | provider.cpp:61   | OVTProvider has been stopped.
[2025-11-23 16:01:51.284] I [OvenMediaEngine:1] RTMPProvider | rtmp_provider.cpp:72   | Terminated Rtmp Provider module.
[2025-11-23 16:01:51.284] I [OvenMediaEngine:1] SrtProvider | srt_provider.cpp:40   | Terminated SRT Provider module.
[2025-11-23 16:05:35.423] I [OvenMediaEngine:1] Config | config_manager.cpp:233  | Trying to set logfile in directory... (/var/log/ovenmediaengine)
[2025-11-23 16:05:35.423] I [OvenMediaEngine:1] Config | config_manager.cpp:255  | Trying to load configurations... (origin_conf/Server.xml)
[2025-11-23 16:05:35.428] I [OvenMediaEngine:1] OvenMediaEngine | banner.cpp:23   | OvenMediaEngine v0.19.0 (v0.19.0) is started on [1c1d9e246ffe] (Linux x86_64 - 6.8.0-87-generic, #88~22.04.1-Ubuntu SMP PREEMPT_DYNAMIC Tue Oct 14 14:03:14 UTC 2)
[2025-11-23 16:05:35.428] I [OvenMediaEngine:1] OvenMediaEngine | banner.cpp:27   | With modules:
[2025-11-23 16:05:35.428] I [OvenMediaEngine:1] OvenMediaEngine | banner.cpp:28   |   FFmpeg 5.1.4
[2025-11-23 16:05:35.428] I [OvenMediaEngine:1] OvenMediaEngine | banner.cpp:29   |     Configuration: --prefix=/opt/ovenmediaengine --extra-cflags='-I/opt/ovenmediaengine/include ' --extra-ldflags=' -L/opt/ovenmediaengine/lib -Wl,-rpath,/opt/ovenmediaengine/lib -Wl,--disable-new-dtags' --extra-libs=-ldl --enable-gpl --enable-nonfree --disable-everything --disable-programs --disable-avdevice --disable-dwt --disable-lsp --disable-faan --disable-pixelutils --enable-shared --enable-zlib --enable-libopus --enable-libvpx --enable-libfdk_aac --enable-libopenh264 --enable-openssl --enable-network --enable-libsrt --enable-dct --enable-rdft --enable-libwebp --disable-nvdec --disable-nvdec --disable-vaapi --disable-vdpau --disable-cuda-llvm --disable-cuvid --disable-ffnvcodec --enable-libx264 --enable-encoder='libvpx_vp8,libopus,libfdk_aac,libopenh264,mjpeg,png,libwebp,libx264' --enable-decoder='aac,aac_latm,aac_fixed,mp3float,mp3,h264,hevc,opus,vp8' --enable-parser='aac,aac_latm,aac_fixed,h264,hevc,opus,vp8' --enable-protocol='tcp,udp,rtp,file,rtmp,tls,rtmps,libsrt' --enable-demuxer='rtsp,flv,live_flv,mp4,mp3' --enable-muxer='mp4,webm,mpegts,flv,mpjpeg' --enable-filter='asetnsamples,aresample,aformat,channelmap,channelsplit,scale,transpose,fps,settb,asettb,crop,format'
[2025-11-23 16:05:35.428] I [OvenMediaEngine:1] OvenMediaEngine | banner.cpp:30   |     libavformat: 59.27.100
[2025-11-23 16:05:35.428] I [OvenMediaEngine:1] OvenMediaEngine | banner.cpp:31   |     libavcodec: 59.37.100
[2025-11-23 16:05:35.428] I [OvenMediaEngine:1] OvenMediaEngine | banner.cpp:32   |     libavutil: 57.28.100
[2025-11-23 16:05:35.428] I [OvenMediaEngine:1] OvenMediaEngine | banner.cpp:33   |     libavfilter: 8.44.100
[2025-11-23 16:05:35.428] I [OvenMediaEngine:1] OvenMediaEngine | banner.cpp:34   |     libswresample: 4.7.100
[2025-11-23 16:05:35.428] I [OvenMediaEngine:1] OvenMediaEngine | banner.cpp:35   |     libswscale: 6.7.100
[2025-11-23 16:05:35.428] I [OvenMediaEngine:1] OvenMediaEngine | banner.cpp:36   |   SRT: 1.5.2
[2025-11-23 16:05:35.428] I [OvenMediaEngine:1] OvenMediaEngine | banner.cpp:37   |   SRTP: libsrtp2 2.4.2
[2025-11-23 16:05:35.428] I [OvenMediaEngine:1] OvenMediaEngine | banner.cpp:38   |   OpenSSL: OpenSSL 3.0.7 1 Nov 2022
[2025-11-23 16:05:35.428] I [OvenMediaEngine:1] OvenMediaEngine | banner.cpp:39   |     Configuration: compiler: gcc -fPIC -pthread -m64 -Wa,--noexecstack -Wall -O3 -DOPENSSL_USE_NODELETE -DL_ENDIAN -DOPENSSL_PIC -DOPENSSL_BUILDING_OPENSSL -DNDEBUG
[2025-11-23 16:05:35.428] I [OvenMediaEngine:1] OvenMediaEngine | banner.cpp:40   |   JsonCpp: 1.9.3
[2025-11-23 16:05:35.428] I [OvenMediaEngine:1] OvenMediaEngine | banner.cpp:41   |   jemalloc: 5.3.0-0-g54eaed1d8b56b1aa528be3bdd1877e59c56fa90c
[2025-11-23 16:05:35.428] I [OvenMediaEngine:1] OvenMediaEngine | banner.cpp:42   |   spdlog: 1.15.1
[2025-11-23 16:05:35.428] I [OvenMediaEngine:1] OvenMediaEngine | main.cpp:73   | Server ID : 788eaae4-a301-431c-a58a-701ea6b5fbbf
[2025-11-23 16:05:36.101] I [OvenMediaEngine:1] OvenMediaEngine | main.cpp:91   | Resolved public IP address (110.139.54.93) from stun server (stun.ovenmediaengine.com:13478)
[2025-11-23 16:05:36.101] I [OvenMediaEngine:1] OvenMediaEngine | main.cpp:109  | This host supports IPv4 and IPv6
[2025-11-23 16:05:36.117] I [OvenMediaEngine:1] OvenMediaEngine | main.cpp:126  | Trying to create MediaRouter...
[2025-11-23 16:05:36.117] I [OvenMediaEngine:1] MediaRouter | mediarouter.cpp:40   | Mediarouter has been started.
[2025-11-23 16:05:36.117] I [OvenMediaEngine:1] OvenMediaEngine | main.cpp:129  | Trying to create WebRTC Publisher...
[2025-11-23 16:05:36.118] I [OvenMediaEngine:1] Signalling.P2P | rtc_p2p_manager.cpp:27   | P2P is disabled in the configuration
[2025-11-23 16:05:36.119] I [OvenMediaEngine:1] HTTP.Server | http_server_manager.cpp:319  | WebRTC Publisher is listening on *:3333 (TLS: *:3334)...
[2025-11-23 16:05:36.119] I [OvenMediaEngine:1] ICE | ice_port_manager.cpp:314  | ICE candidate found: 192.168.1.205:10000
[2025-11-23 16:05:36.119] I [OvenMediaEngine:1] ICE | ice_port_manager.cpp:314  | ICE candidate found: 192.168.1.205:10001
[2025-11-23 16:05:36.119] I [OvenMediaEngine:1] ICE | ice_port_manager.cpp:314  | ICE candidate found: 192.168.1.205:10002
[2025-11-23 16:05:36.120] I [OvenMediaEngine:1] ICE | ice_port_manager.cpp:314  | ICE candidate found: 192.168.1.205:10003
[2025-11-23 16:05:36.120] I [OvenMediaEngine:1] ICE | ice_port_manager.cpp:314  | ICE candidate found: 192.168.1.205:10004
[2025-11-23 16:05:36.121] I [OvenMediaEngine:1] ICE | ice_port.cpp:113  | ICE ports are listening on *:10004/UDP (0x72e7ee121990), *:10003/UDP (0x72e7ee121c90), *:10002/UDP (0x72e7ee121f90), *:10001/UDP (0x72e7ee122290), *:10000/UDP (0x72e7ee122590) (for WebRTC Publisher)
[2025-11-23 16:05:36.121] I [OvenMediaEngine:1] ICE | ice_port_manager.cpp:199  | TURN port is listening on *:3478/TCP (for WebRTC Publisher)
[2025-11-23 16:05:36.121] I [OvenMediaEngine:1] Publisher | publisher.cpp:19   | WebRTC Publisher has been started.
[2025-11-23 16:05:36.121] I [OvenMediaEngine:1] OvenMediaEngine | main.cpp:130  | Trying to create LLHLS Publisher...
[2025-11-23 16:05:36.122] I [OvenMediaEngine:1] HTTP.Server | http_server_manager.cpp:319  | LLHLS Publisher is listening on *:3333 (TLS: *:3334)...
[2025-11-23 16:05:36.122] I [OvenMediaEngine:1] Publisher | publisher.cpp:19   | LLHLS Publisher has been started.
[2025-11-23 16:05:36.122] I [OvenMediaEngine:1] OvenMediaEngine | main.cpp:131  | Trying to create OVT Publisher...
[2025-11-23 16:05:36.123] I [OvenMediaEngine:1] OVT | ovt_publisher.cpp:90   | OVTPublisher is listening on *:9000/TCP...
[2025-11-23 16:05:36.123] I [OvenMediaEngine:1] Publisher | publisher.cpp:19   | OVTPublisher has been started.
[2025-11-23 16:05:36.123] I [OvenMediaEngine:1] OvenMediaEngine | main.cpp:132  | Trying to create File Publisher...
[2025-11-23 16:05:36.123] I [OvenMediaEngine:1] Publisher | publisher.cpp:19   | FilePublisher has been started.
[2025-11-23 16:05:36.123] I [OvenMediaEngine:1] OvenMediaEngine | main.cpp:133  | Trying to create Push Publisher...
[2025-11-23 16:05:36.123] I [OvenMediaEngine:1] Publisher | publisher.cpp:19   | PushPublisher has been started.
[2025-11-23 16:05:36.124] I [OvenMediaEngine:1] OvenMediaEngine | main.cpp:134  | Trying to create Thumbnail Publisher...
[2025-11-23 16:05:36.124] W [OvenMediaEngine:1] Thumbnail | thumbnail_publisher.cpp:79   | ThumbnailPublisher is disabled by configuration
[2025-11-23 16:05:36.124] I [OvenMediaEngine:1] OvenMediaEngine | main.cpp:135  | Trying to create HLS Publisher...
[2025-11-23 16:05:36.124] W [OvenMediaEngine:1] HLS Publisher | hls_publisher.cpp:78   | HLSv3 Publisher is disabled by configuration
[2025-11-23 16:05:36.124] I [OvenMediaEngine:1] OvenMediaEngine | main.cpp:136  | Trying to create SRT Publisher...
[2025-11-23 16:05:36.124] W [OvenMediaEngine:1] SRTPublisher | srt_publisher.cpp:43   | SRTPublisher is disabled by configuration
[2025-11-23 16:05:36.125] I [OvenMediaEngine:1] OvenMediaEngine | main.cpp:139  | Trying to create Transcoder...
[2025-11-23 16:05:36.125] I [OvenMediaEngine:1] Transcoder | transcoder_gpu.cpp:94   | Trying to release Transcoder GPU resources
[2025-11-23 16:05:36.125] I [OvenMediaEngine:1] Transcoder | transcoder_gpu.cpp:45   | Trying to check available hardware accelerators
[2025-11-23 16:05:36.125] W [OvenMediaEngine:1] Transcoder | transcoder_gpu.cpp:54   | No supported NVIDIA accelerator
[2025-11-23 16:05:36.125] W [OvenMediaEngine:1] Transcoder | transcoder_gpu.cpp:64   | No supported Xilinx Media accelerator
[2025-11-23 16:05:36.125] W [OvenMediaEngine:1] Transcoder | transcoder_gpu.cpp:74   | No supported Intel QuickSync accelerator
[2025-11-23 16:05:36.125] W [OvenMediaEngine:1] Transcoder | transcoder_gpu.cpp:84   | No supported Netint VPU accelerator
[2025-11-23 16:05:36.125] I [OvenMediaEngine:1] OvenMediaEngine | main.cpp:142  | Trying to create WebRTC Provider...
[2025-11-23 16:05:36.125] I [OvenMediaEngine:1] Signalling.P2P | rtc_p2p_manager.cpp:27   | P2P is disabled in the configuration
[2025-11-23 16:05:36.125] I [OvenMediaEngine:1] HTTP.Server | http_server_manager.cpp:319  | WebRTCProvider is listening on *:3333 (TLS: *:3334)...
[2025-11-23 16:05:36.125] I [OvenMediaEngine:1] HTTP.Server | http_server_manager.cpp:319  | WebRTCProvider is listening on *:3333 (TLS: *:3334)...
[2025-11-23 16:05:36.125] I [OvenMediaEngine:1] ICE | ice_port_manager.cpp:314  | ICE candidate found: 192.168.1.205:10000
[2025-11-23 16:05:36.125] I [OvenMediaEngine:1] ICE | ice_port_manager.cpp:314  | ICE candidate found: 192.168.1.205:10001
[2025-11-23 16:05:36.125] I [OvenMediaEngine:1] ICE | ice_port_manager.cpp:314  | ICE candidate found: 192.168.1.205:10002
[2025-11-23 16:05:36.125] I [OvenMediaEngine:1] ICE | ice_port_manager.cpp:314  | ICE candidate found: 192.168.1.205:10003
[2025-11-23 16:05:36.125] I [OvenMediaEngine:1] ICE | ice_port_manager.cpp:314  | ICE candidate found: 192.168.1.205:10004
[2025-11-23 16:05:36.126] I [OvenMediaEngine:1] ICE | ice_port.cpp:113  | ICE ports are listening on *:10004/UDP (0x72e7ee121990), *:10003/UDP (0x72e7ee121c90), *:10002/UDP (0x72e7ee121f90), *:10001/UDP (0x72e7ee122290), *:10000/UDP (0x72e7ee122590) (for WebRTCProvider)
[2025-11-23 16:05:36.126] I [OvenMediaEngine:1] ICE | ice_port_manager.cpp:199  | TURN port is listening on *:3478/TCP (for WebRTCProvider)
[2025-11-23 16:05:36.127] I [OvenMediaEngine:1] Provider | provider.cpp:37   | WebRTCProvider has been started.
[2025-11-23 16:05:36.127] I [OvenMediaEngine:1] OvenMediaEngine | main.cpp:143  | Trying to create MPEG-TS Provider...
[2025-11-23 16:05:36.127] W [OvenMediaEngine:1] MpegtsProvider | mpegts_provider.cpp:147  | MPEGTSProvider is disabled by configuration
[2025-11-23 16:05:36.127] I [OvenMediaEngine:1] MpegtsProvider | mpegts_provider.cpp:39   | Terminated Mpegts Provider module.
[2025-11-23 16:05:36.127] I [OvenMediaEngine:1] OvenMediaEngine | main.cpp:144  | Trying to create SRT Provider...
[2025-11-23 16:05:36.128] I [OvenMediaEngine:1] SrtProvider | srt_provider.cpp:110  | SrtProvider is listening on *:9999/SRT
[2025-11-23 16:05:36.128] I [OvenMediaEngine:1] Provider | provider.cpp:37   | SrtProvider has been started.
[2025-11-23 16:05:36.128] I [OvenMediaEngine:1] OvenMediaEngine | main.cpp:145  | Trying to create RTMP Provider...
[2025-11-23 16:05:36.128] I [OvenMediaEngine:1] RTMPProvider | rtmp_provider.cpp:151  | RTMPProvider is listening on *:1935
[2025-11-23 16:05:36.129] I [OvenMediaEngine:1] Provider | provider.cpp:37   | RTMPProvider has been started.
[2025-11-23 16:05:36.129] I [OvenMediaEngine:1] OvenMediaEngine | main.cpp:146  | Trying to create OVT Provider...
[2025-11-23 16:05:36.129] I [OvenMediaEngine:1] Provider | provider.cpp:37   | OVTProvider has been started.
[2025-11-23 16:05:36.129] I [OvenMediaEngine:1] OvenMediaEngine | main.cpp:147  | Trying to create RTSPC Provider...
[2025-11-23 16:05:36.129] I [OvenMediaEngine:1] Provider | provider.cpp:37   | RTSPCProvider has been started.
[2025-11-23 16:05:36.129] I [OvenMediaEngine:1] OvenMediaEngine | main.cpp:148  | Trying to create File Provider...
[2025-11-23 16:05:36.129] I [OvenMediaEngine:1] Provider | provider.cpp:37   | FileProvider has been started.
[2025-11-23 16:05:36.130] I [OvenMediaEngine:1] OvenMediaEngine | main.cpp:149  | Trying to create Scheduled Provider...
[2025-11-23 16:05:36.130] I [OvenMediaEngine:1] Provider | provider.cpp:37   | ScheduledProvider has been started.
[2025-11-23 16:05:36.130] I [OvenMediaEngine:1] OvenMediaEngine | main.cpp:150  | Trying to create Multiplex Provider...
[2025-11-23 16:05:36.130] I [OvenMediaEngine:1] Provider | provider.cpp:37   | MultiplexProvider has been started.
[2025-11-23 16:05:36.130] I [OvenMediaEngine:1] OvenMediaEngine | main.cpp:157  | All modules are initialized successfully
[2025-11-23 16:05:36.130] I [OvenMediaEngine:1] Monitor | monitoring.cpp:94   | OvenMediaEngine(788eaae4-a301-431c-a58a-701ea6b5fbbf) ServerMetric has been started for monitoring - 2025-11-23T16:05:36.130+00:00
[2025-11-23 16:05:36.131] I [OvenMediaEngine:1] Monitor | server_metrics.cpp:61   | Create HostMetrics(default/788eaae4-a301-431c-a58a-701ea6b5fbbf/#default#) for monitoring
[2025-11-23 16:05:36.131] I [OvenMediaEngine:1] Orchestrator | orchestrator.cpp:1302 | Trying to create an application: [#default#app]
[2025-11-23 16:05:36.131] I [OvenMediaEngine:1] Monitor | host_metrics.cpp:58   | Create ApplicationMetrics(#default#app/788eaae4-a301-431c-a58a-701ea6b5fbbf/#default#app) for monitoring
[2025-11-23 16:05:36.131] I [OvenMediaEngine:1] MediaRouter | mediarouter_application.cpp:52   | [#default#app(0)] Created Mediarouter application. Worker(1) DelayBufferTime(0)
[2025-11-23 16:05:36.131] I [OvenMediaEngine:1] MediaRouter | mediarouter.cpp:83   | Created Mediarouter. app(#default#app)
[2025-11-23 16:05:36.132] I [OvenMediaEngine:1] Publisher | application.cpp:226  | WebRTC Publisher Application has created [#default#app] application
[2025-11-23 16:05:36.132] I [OvenMediaEngine:1] Publisher | application.cpp:226  | LLHLS Publisher Application has created [#default#app] application
[2025-11-23 16:05:36.132] W [OvenMediaEngine:1] Publisher | publisher.cpp:68   | OVT publisher is disabled in #default#app application, so it was not created
[2025-11-23 16:05:36.132] W [OvenMediaEngine:1] Publisher | publisher.cpp:68   | File publisher is disabled in #default#app application, so it was not created
[2025-11-23 16:05:36.132] W [OvenMediaEngine:1] Publisher | publisher.cpp:68   | Push publisher is disabled in #default#app application, so it was not created
[2025-11-23 16:05:36.132] I [OvenMediaEngine:1] Transcoder | transcoder_application.cpp:34   | Created transcoder application. [#default#app]
[2025-11-23 16:05:36.132] I [OvenMediaEngine:1] Transcoder | transcoder.cpp:97   | Transcoder has created [config][#default#app] application
[2025-11-23 16:05:36.132] W [OvenMediaEngine:1] Provider | provider.cpp:91   | WebRTC provider is disabled in #default#app application, so it was not created
[2025-11-23 16:05:36.132] I [OvenMediaEngine:1] Provider | application.cpp:46   | SrtProvider has created [#default#app] application
[2025-11-23 16:05:36.132] I [OvenMediaEngine:1] Provider | application.cpp:46   | RTMPProvider has created [#default#app] application
[2025-11-23 16:05:36.132] W [OvenMediaEngine:1] Provider | provider.cpp:91   | OVT provider is disabled in #default#app application, so it was not created
[2025-11-23 16:05:36.132] W [OvenMediaEngine:1] Provider | provider.cpp:91   | RTSPPull provider is disabled in #default#app application, so it was not created
[2025-11-23 16:05:36.132] W [OvenMediaEngine:1] Provider | provider.cpp:91   | Scheduled provider is disabled in #default#app application, so it was not created
[2025-11-23 16:05:36.132] W [OvenMediaEngine:1] Provider | provider.cpp:91   | Multiplex provider is disabled in #default#app application, so it was not created
[2025-11-23 16:05:36.133] I [OvenMediaEngine:1] Certificate | certificate.cpp:35   | A certificate has been loaded for VirtualHost [default]:
	Cert file path: origin_conf/./cert.crt
	Chain cert file path: origin_conf/./cert.ca-bundle
	Private key file path: origin_conf/./cert.key
[2025-11-23 16:05:36.133] C [OvenMediaEngine:1] Orchestrator | orchestrator.cpp:142  | Duplicate virtual host [default] found. Please check the settings.
[2025-11-23 16:05:36.133] E [OvenMediaEngine:1] Orchestrator | orchestrator.cpp:119  | Could not create VirtualHost(default)
[2025-11-23 16:05:36.133] I [OvenMediaEngine:1] Monitor | server_metrics.cpp:80   | Delete HostMetrics(default/788eaae4-a301-431c-a58a-701ea6b5fbbf/#default#) for monitoring
[2025-11-23 16:05:36.133] I [OvenMediaEngine:1] Orchestrator | orchestrator.cpp:277  | Trying to delete an application: [#default#app] (0)
[2025-11-23 16:05:36.133] I [OvenMediaEngine:1] MediaRouter | mediarouter_application.cpp:243  | Unregistered observer. app(#default#app) type(3)
[2025-11-23 16:05:36.133] I [OvenMediaEngine:1] MediaRouter | mediarouter_application.cpp:205  | Unregistered connector. app(#default#app) type(0)
[2025-11-23 16:05:36.133] I [OvenMediaEngine:1] Provider | application.cpp:61   | RTMPProvider has deleted [#default#app] application
[2025-11-23 16:05:36.133] I [OvenMediaEngine:1] MediaRouter | mediarouter_application.cpp:205  | Unregistered connector. app(#default#app) type(0)
[2025-11-23 16:05:36.133] I [OvenMediaEngine:1] Provider | application.cpp:61   | SrtProvider has deleted [#default#app] application
[2025-11-23 16:05:36.133] I [OvenMediaEngine:1] MediaRouter | mediarouter_application.cpp:243  | Unregistered observer. app(#default#app) type(1)
[2025-11-23 16:05:36.133] I [OvenMediaEngine:1] MediaRouter | mediarouter_application.cpp:205  | Unregistered connector. app(#default#app) type(1)
[2025-11-23 16:05:36.133] I [OvenMediaEngine:1] Transcoder | transcoder.cpp:133  | Transcoder has deleted [config][#default#app] application
[2025-11-23 16:05:36.133] I [OvenMediaEngine:1] Transcoder | transcoder_application.cpp:39   | Transcoder application has been destroyed. [#default#app]
[2025-11-23 16:05:36.134] I [OvenMediaEngine:1] Publisher | application.cpp:245  | LLHLS Publisher Application has deleted [#default#app] application
[2025-11-23 16:05:36.134] I [OvenMediaEngine:1] MediaRouter | mediarouter_application.cpp:243  | Unregistered observer. app(#default#app) type(0)
[2025-11-23 16:05:36.134] I [OvenMediaEngine:1] Publisher | application.cpp:245  | LLHLS Publisher Application has deleted [#default#app] application
[2025-11-23 16:05:36.134] I [OvenMediaEngine:1] Publisher | application.cpp:245  | LLHLS Publisher Application has deleted [#default#app] application
[2025-11-23 16:05:36.134] I [OvenMediaEngine:1] Publisher | application.cpp:245  | WebRTC Publisher Application has deleted [#default#app] application
[2025-11-23 16:05:36.134] I [OvenMediaEngine:1] MediaRouter | mediarouter_application.cpp:243  | Unregistered observer. app(#default#app) type(0)
[2025-11-23 16:05:36.134] I [OvenMediaEngine:1] Publisher | application.cpp:245  | WebRTC Publisher Application has deleted [#default#app] application
[2025-11-23 16:05:36.134] I [OvenMediaEngine:1] Publisher | application.cpp:245  | WebRTC Publisher Application has deleted [#default#app] application
[2025-11-23 16:05:36.134] I [OvenMediaEngine:1] MediaRouter | mediarouter_application.cpp:73   | [#default#app(0)] Destroyed Mediarouter application. worker(1)
[2025-11-23 16:05:36.134] I [OvenMediaEngine:1] MediaRouter | mediarouter.cpp:101  | Mediarouter has been destroyed. app(#default#app)
[2025-11-23 16:05:36.134] I [OvenMediaEngine:1] OvenMediaEngine | main.cpp:179  | Trying to release WebRTC Provider...
[2025-11-23 16:05:36.327] I [OvenMediaEngine:1] Provider | provider.cpp:61   | WebRTCProvider has been stopped.
[2025-11-23 16:05:36.327] I [OvenMediaEngine:1] OvenMediaEngine | main.cpp:181  | Trying to release SRT Provider...
[2025-11-23 16:05:36.428] I [OvenMediaEngine:1] Provider | provider.cpp:61   | SrtProvider has been stopped.
[2025-11-23 16:05:36.428] I [OvenMediaEngine:1] OvenMediaEngine | main.cpp:182  | Trying to release RTMP Provider...
[2025-11-23 16:05:36.529] I [OvenMediaEngine:1] Provider | provider.cpp:61   | RTMPProvider has been stopped.
[2025-11-23 16:05:36.529] I [OvenMediaEngine:1] OvenMediaEngine | main.cpp:183  | Trying to release OVT Provider...
[2025-11-23 16:05:36.529] I [OvenMediaEngine:1] Provider | provider.cpp:61   | OVTProvider has been stopped.
[2025-11-23 16:05:36.529] I [OvenMediaEngine:1] OvenMediaEngine | main.cpp:184  | Trying to release RTSPC Provider...
[2025-11-23 16:05:36.529] I [OvenMediaEngine:1] Provider | provider.cpp:61   | RTSPCProvider has been stopped.
[2025-11-23 16:05:36.529] I [OvenMediaEngine:1] OvenMediaEngine | main.cpp:185  | Trying to release File Provider...
[2025-11-23 16:05:36.529] I [OvenMediaEngine:1] Provider | provider.cpp:61   | FileProvider has been stopped.
[2025-11-23 16:05:36.529] I [OvenMediaEngine:1] OvenMediaEngine | main.cpp:186  | Trying to release Scheduled Provider...
[2025-11-23 16:05:36.529] I [OvenMediaEngine:1] Provider | provider.cpp:61   | ScheduledProvider has been stopped.
[2025-11-23 16:05:36.530] I [OvenMediaEngine:1] OvenMediaEngine | main.cpp:187  | Trying to release Multiplex Provider...
[2025-11-23 16:05:36.530] I [OvenMediaEngine:1] Provider | provider.cpp:61   | MultiplexProvider has been stopped.
[2025-11-23 16:05:36.530] I [OvenMediaEngine:1] OvenMediaEngine | main.cpp:191  | Trying to release Transcoder...
[2025-11-23 16:05:36.530] I [OvenMediaEngine:1] Transcoder | transcoder_gpu.cpp:94   | Trying to release Transcoder GPU resources
[2025-11-23 16:05:36.530] I [OvenMediaEngine:1] OvenMediaEngine | main.cpp:193  | Trying to release WebRTC Publisher...
[2025-11-23 16:05:36.530] I [OvenMediaEngine:1] Publisher | publisher.cpp:42   | WebRTC Publisher has been stopped.
[2025-11-23 16:05:36.530] I [OvenMediaEngine:1] OvenMediaEngine | main.cpp:194  | Trying to release LLHLS Publisher...
[2025-11-23 16:05:36.530] I [OvenMediaEngine:1] Publisher | publisher.cpp:42   | LLHLS Publisher has been stopped.
[2025-11-23 16:05:36.530] I [OvenMediaEngine:1] OvenMediaEngine | main.cpp:195  | Trying to release OVT Publisher...
[2025-11-23 16:05:36.624] I [OvenMediaEngine:1] Publisher | publisher.cpp:42   | OVTPublisher has been stopped.
[2025-11-23 16:05:36.624] I [OvenMediaEngine:1] OvenMediaEngine | main.cpp:196  | Trying to release File Publisher...
[2025-11-23 16:05:36.624] I [OvenMediaEngine:1] Publisher | publisher.cpp:42   | FilePublisher has been stopped.
[2025-11-23 16:05:36.624] I [OvenMediaEngine:1] OvenMediaEngine | main.cpp:197  | Trying to release Push Publisher...
[2025-11-23 16:05:36.624] I [OvenMediaEngine:1] Publisher | publisher.cpp:42   | PushPublisher has been stopped.
[2025-11-23 16:05:36.624] I [OvenMediaEngine:1] OvenMediaEngine | main.cpp:202  | Trying to release MediaRouter...
[2025-11-23 16:05:36.624] I [OvenMediaEngine:1] MediaRouter | mediarouter.cpp:49   | Mediarouter has been stopped.
[2025-11-23 16:05:36.625] I [OvenMediaEngine:1] OvenMediaEngine | main.cpp:359  | Uninitializing TCP socket pool...
[2025-11-23 16:05:36.626] I [OvenMediaEngine:1] OvenMediaEngine | main.cpp:361  | Uninitializing UDP socket pool...
[2025-11-23 16:05:36.723] I [OvenMediaEngine:1] OvenMediaEngine | main.cpp:364  | OvenMediaEngine will be terminated
[2025-11-23 16:05:36.724] I [OvenMediaEngine:1] Provider | provider.cpp:61   | FileProvider has been stopped.
[2025-11-23 16:05:36.725] I [OvenMediaEngine:1] Provider | provider.cpp:61   | RTSPCProvider has been stopped.
[2025-11-23 16:05:36.725] I [OvenMediaEngine:1] Provider | provider.cpp:61   | OVTProvider has been stopped.
[2025-11-23 16:05:36.725] I [OvenMediaEngine:1] RTMPProvider | rtmp_provider.cpp:72   | Terminated Rtmp Provider module.
[2025-11-23 16:05:36.726] I [OvenMediaEngine:1] SrtProvider | srt_provider.cpp:40   | Terminated SRT Provider module.
[2025-11-23 16:05:46.096] I [OvenMediaEngine:1] Config | config_manager.cpp:233  | Trying to set logfile in directory... (/var/log/ovenmediaengine)
[2025-11-23 16:05:46.097] I [OvenMediaEngine:1] Config | config_manager.cpp:255  | Trying to load configurations... (origin_conf/Server.xml)
[2025-11-23 16:05:46.101] I [OvenMediaEngine:1] OvenMediaEngine | banner.cpp:23   | OvenMediaEngine v0.19.0 (v0.19.0) is started on [1c1d9e246ffe] (Linux x86_64 - 6.8.0-87-generic, #88~22.04.1-Ubuntu SMP PREEMPT_DYNAMIC Tue Oct 14 14:03:14 UTC 2)
[2025-11-23 16:05:46.101] I [OvenMediaEngine:1] OvenMediaEngine | banner.cpp:27   | With modules:
[2025-11-23 16:05:46.101] I [OvenMediaEngine:1] OvenMediaEngine | banner.cpp:28   |   FFmpeg 5.1.4
[2025-11-23 16:05:46.101] I [OvenMediaEngine:1] OvenMediaEngine | banner.cpp:29   |     Configuration: --prefix=/opt/ovenmediaengine --extra-cflags='-I/opt/ovenmediaengine/include ' --extra-ldflags=' -L/opt/ovenmediaengine/lib -Wl,-rpath,/opt/ovenmediaengine/lib -Wl,--disable-new-dtags' --extra-libs=-ldl --enable-gpl --enable-nonfree --disable-everything --disable-programs --disable-avdevice --disable-dwt --disable-lsp --disable-faan --disable-pixelutils --enable-shared --enable-zlib --enable-libopus --enable-libvpx --enable-libfdk_aac --enable-libopenh264 --enable-openssl --enable-network --enable-libsrt --enable-dct --enable-rdft --enable-libwebp --disable-nvdec --disable-nvdec --disable-vaapi --disable-vdpau --disable-cuda-llvm --disable-cuvid --disable-ffnvcodec --enable-libx264 --enable-encoder='libvpx_vp8,libopus,libfdk_aac,libopenh264,mjpeg,png,libwebp,libx264' --enable-decoder='aac,aac_latm,aac_fixed,mp3float,mp3,h264,hevc,opus,vp8' --enable-parser='aac,aac_latm,aac_fixed,h264,hevc,opus,vp8' --enable-protocol='tcp,udp,rtp,file,rtmp,tls,rtmps,libsrt' --enable-demuxer='rtsp,flv,live_flv,mp4,mp3' --enable-muxer='mp4,webm,mpegts,flv,mpjpeg' --enable-filter='asetnsamples,aresample,aformat,channelmap,channelsplit,scale,transpose,fps,settb,asettb,crop,format'
[2025-11-23 16:05:46.101] I [OvenMediaEngine:1] OvenMediaEngine | banner.cpp:30   |     libavformat: 59.27.100
[2025-11-23 16:05:46.101] I [OvenMediaEngine:1] OvenMediaEngine | banner.cpp:31   |     libavcodec: 59.37.100
[2025-11-23 16:05:46.101] I [OvenMediaEngine:1] OvenMediaEngine | banner.cpp:32   |     libavutil: 57.28.100
[2025-11-23 16:05:46.101] I [OvenMediaEngine:1] OvenMediaEngine | banner.cpp:33   |     libavfilter: 8.44.100
[2025-11-23 16:05:46.101] I [OvenMediaEngine:1] OvenMediaEngine | banner.cpp:34   |     libswresample: 4.7.100
[2025-11-23 16:05:46.101] I [OvenMediaEngine:1] OvenMediaEngine | banner.cpp:35   |     libswscale: 6.7.100
[2025-11-23 16:05:46.101] I [OvenMediaEngine:1] OvenMediaEngine | banner.cpp:36   |   SRT: 1.5.2
[2025-11-23 16:05:46.101] I [OvenMediaEngine:1] OvenMediaEngine | banner.cpp:37   |   SRTP: libsrtp2 2.4.2
[2025-11-23 16:05:46.101] I [OvenMediaEngine:1] OvenMediaEngine | banner.cpp:38   |   OpenSSL: OpenSSL 3.0.7 1 Nov 2022
[2025-11-23 16:05:46.101] I [OvenMediaEngine:1] OvenMediaEngine | banner.cpp:39   |     Configuration: compiler: gcc -fPIC -pthread -m64 -Wa,--noexecstack -Wall -O3 -DOPENSSL_USE_NODELETE -DL_ENDIAN -DOPENSSL_PIC -DOPENSSL_BUILDING_OPENSSL -DNDEBUG
[2025-11-23 16:05:46.101] I [OvenMediaEngine:1] OvenMediaEngine | banner.cpp:40   |   JsonCpp: 1.9.3
[2025-11-23 16:05:46.101] I [OvenMediaEngine:1] OvenMediaEngine | banner.cpp:41   |   jemalloc: 5.3.0-0-g54eaed1d8b56b1aa528be3bdd1877e59c56fa90c
[2025-11-23 16:05:46.101] I [OvenMediaEngine:1] OvenMediaEngine | banner.cpp:42   |   spdlog: 1.15.1
[2025-11-23 16:05:46.101] I [OvenMediaEngine:1] OvenMediaEngine | main.cpp:73   | Server ID : 788eaae4-a301-431c-a58a-701ea6b5fbbf
[2025-11-23 16:05:46.746] I [OvenMediaEngine:1] OvenMediaEngine | main.cpp:91   | Resolved public IP address (110.139.54.93) from stun server (stun.ovenmediaengine.com:13478)
[2025-11-23 16:05:46.746] I [OvenMediaEngine:1] OvenMediaEngine | main.cpp:109  | This host supports IPv4 and IPv6
[2025-11-23 16:05:46.759] I [OvenMediaEngine:1] OvenMediaEngine | main.cpp:126  | Trying to create MediaRouter...
[2025-11-23 16:05:46.759] I [OvenMediaEngine:1] MediaRouter | mediarouter.cpp:40   | Mediarouter has been started.
[2025-11-23 16:05:46.759] I [OvenMediaEngine:1] OvenMediaEngine | main.cpp:129  | Trying to create WebRTC Publisher...
[2025-11-23 16:05:46.760] I [OvenMediaEngine:1] Signalling.P2P | rtc_p2p_manager.cpp:27   | P2P is disabled in the configuration
[2025-11-23 16:05:46.762] I [OvenMediaEngine:1] HTTP.Server | http_server_manager.cpp:319  | WebRTC Publisher is listening on *:3333 (TLS: *:3334)...
[2025-11-23 16:05:46.762] I [OvenMediaEngine:1] ICE | ice_port_manager.cpp:314  | ICE candidate found: 192.168.1.205:10000
[2025-11-23 16:05:46.762] I [OvenMediaEngine:1] ICE | ice_port_manager.cpp:314  | ICE candidate found: 192.168.1.205:10001
[2025-11-23 16:05:46.762] I [OvenMediaEngine:1] ICE | ice_port_manager.cpp:314  | ICE candidate found: 192.168.1.205:10002
[2025-11-23 16:05:46.762] I [OvenMediaEngine:1] ICE | ice_port_manager.cpp:314  | ICE candidate found: 192.168.1.205:10003
[2025-11-23 16:05:46.762] I [OvenMediaEngine:1] ICE | ice_port_manager.cpp:314  | ICE candidate found: 192.168.1.205:10004
[2025-11-23 16:05:46.763] I [OvenMediaEngine:1] ICE | ice_port.cpp:113  | ICE ports are listening on *:10004/UDP (0x713535d21990), *:10003/UDP (0x713535d21c90), *:10002/UDP (0x713535d21f90), *:10001/UDP (0x713535d22290), *:10000/UDP (0x713535d22590) (for WebRTC Publisher)
[2025-11-23 16:05:46.764] I [OvenMediaEngine:1] ICE | ice_port_manager.cpp:199  | TURN port is listening on *:3478/TCP (for WebRTC Publisher)
[2025-11-23 16:05:46.764] I [OvenMediaEngine:1] Publisher | publisher.cpp:19   | WebRTC Publisher has been started.
[2025-11-23 16:05:46.764] I [OvenMediaEngine:1] OvenMediaEngine | main.cpp:130  | Trying to create LLHLS Publisher...
[2025-11-23 16:05:46.765] I [OvenMediaEngine:1] HTTP.Server | http_server_manager.cpp:319  | LLHLS Publisher is listening on *:3333 (TLS: *:3334)...
[2025-11-23 16:05:46.765] I [OvenMediaEngine:1] Publisher | publisher.cpp:19   | LLHLS Publisher has been started.
[2025-11-23 16:05:46.765] I [OvenMediaEngine:1] OvenMediaEngine | main.cpp:131  | Trying to create OVT Publisher...
[2025-11-23 16:05:46.766] I [OvenMediaEngine:1] OVT | ovt_publisher.cpp:90   | OVTPublisher is listening on *:9000/TCP...
[2025-11-23 16:05:46.766] I [OvenMediaEngine:1] Publisher | publisher.cpp:19   | OVTPublisher has been started.
[2025-11-23 16:05:46.766] I [OvenMediaEngine:1] OvenMediaEngine | main.cpp:132  | Trying to create File Publisher...
[2025-11-23 16:05:46.766] I [OvenMediaEngine:1] Publisher | publisher.cpp:19   | FilePublisher has been started.
[2025-11-23 16:05:46.766] I [OvenMediaEngine:1] OvenMediaEngine | main.cpp:133  | Trying to create Push Publisher...
[2025-11-23 16:05:46.767] I [OvenMediaEngine:1] Publisher | publisher.cpp:19   | PushPublisher has been started.
[2025-11-23 16:05:46.767] I [OvenMediaEngine:1] OvenMediaEngine | main.cpp:134  | Trying to create Thumbnail Publisher...
[2025-11-23 16:05:46.767] W [OvenMediaEngine:1] Thumbnail | thumbnail_publisher.cpp:79   | ThumbnailPublisher is disabled by configuration
[2025-11-23 16:05:46.767] I [OvenMediaEngine:1] OvenMediaEngine | main.cpp:135  | Trying to create HLS Publisher...
[2025-11-23 16:05:46.768] W [OvenMediaEngine:1] HLS Publisher | hls_publisher.cpp:78   | HLSv3 Publisher is disabled by configuration
[2025-11-23 16:05:46.768] I [OvenMediaEngine:1] OvenMediaEngine | main.cpp:136  | Trying to create SRT Publisher...
[2025-11-23 16:05:46.768] W [OvenMediaEngine:1] SRTPublisher | srt_publisher.cpp:43   | SRTPublisher is disabled by configuration
[2025-11-23 16:05:46.768] I [OvenMediaEngine:1] OvenMediaEngine | main.cpp:139  | Trying to create Transcoder...
[2025-11-23 16:05:46.768] I [OvenMediaEngine:1] Transcoder | transcoder_gpu.cpp:94   | Trying to release Transcoder GPU resources
[2025-11-23 16:05:46.768] I [OvenMediaEngine:1] Transcoder | transcoder_gpu.cpp:45   | Trying to check available hardware accelerators
[2025-11-23 16:05:46.768] W [OvenMediaEngine:1] Transcoder | transcoder_gpu.cpp:54   | No supported NVIDIA accelerator
[2025-11-23 16:05:46.768] W [OvenMediaEngine:1] Transcoder | transcoder_gpu.cpp:64   | No supported Xilinx Media accelerator
[2025-11-23 16:05:46.768] W [OvenMediaEngine:1] Transcoder | transcoder_gpu.cpp:74   | No supported Intel QuickSync accelerator
[2025-11-23 16:05:46.768] W [OvenMediaEngine:1] Transcoder | transcoder_gpu.cpp:84   | No supported Netint VPU accelerator
[2025-11-23 16:05:46.768] I [OvenMediaEngine:1] OvenMediaEngine | main.cpp:142  | Trying to create WebRTC Provider...
[2025-11-23 16:05:46.768] I [OvenMediaEngine:1] Signalling.P2P | rtc_p2p_manager.cpp:27   | P2P is disabled in the configuration
[2025-11-23 16:05:46.768] I [OvenMediaEngine:1] HTTP.Server | http_server_manager.cpp:319  | WebRTCProvider is listening on *:3333 (TLS: *:3334)...
[2025-11-23 16:05:46.769] I [OvenMediaEngine:1] HTTP.Server | http_server_manager.cpp:319  | WebRTCProvider is listening on *:3333 (TLS: *:3334)...
[2025-11-23 16:05:46.769] I [OvenMediaEngine:1] ICE | ice_port_manager.cpp:314  | ICE candidate found: 192.168.1.205:10000
[2025-11-23 16:05:46.769] I [OvenMediaEngine:1] ICE | ice_port_manager.cpp:314  | ICE candidate found: 192.168.1.205:10001
[2025-11-23 16:05:46.769] I [OvenMediaEngine:1] ICE | ice_port_manager.cpp:314  | ICE candidate found: 192.168.1.205:10002
[2025-11-23 16:05:46.769] I [OvenMediaEngine:1] ICE | ice_port_manager.cpp:314  | ICE candidate found: 192.168.1.205:10003
[2025-11-23 16:05:46.769] I [OvenMediaEngine:1] ICE | ice_port_manager.cpp:314  | ICE candidate found: 192.168.1.205:10004
[2025-11-23 16:05:46.769] I [OvenMediaEngine:1] ICE | ice_port.cpp:113  | ICE ports are listening on *:10004/UDP (0x713535d21990), *:10003/UDP (0x713535d21c90), *:10002/UDP (0x713535d21f90), *:10001/UDP (0x713535d22290), *:10000/UDP (0x713535d22590) (for WebRTCProvider)
[2025-11-23 16:05:46.769] I [OvenMediaEngine:1] ICE | ice_port_manager.cpp:199  | TURN port is listening on *:3478/TCP (for WebRTCProvider)
[2025-11-23 16:05:46.770] I [OvenMediaEngine:1] Provider | provider.cpp:37   | WebRTCProvider has been started.
[2025-11-23 16:05:46.770] I [OvenMediaEngine:1] OvenMediaEngine | main.cpp:143  | Trying to create MPEG-TS Provider...
[2025-11-23 16:05:46.771] W [OvenMediaEngine:1] MpegtsProvider | mpegts_provider.cpp:147  | MPEGTSProvider is disabled by configuration
[2025-11-23 16:05:46.771] I [OvenMediaEngine:1] MpegtsProvider | mpegts_provider.cpp:39   | Terminated Mpegts Provider module.
[2025-11-23 16:05:46.771] I [OvenMediaEngine:1] OvenMediaEngine | main.cpp:144  | Trying to create SRT Provider...
[2025-11-23 16:05:46.771] I [OvenMediaEngine:1] SrtProvider | srt_provider.cpp:110  | SrtProvider is listening on *:9999/SRT
[2025-11-23 16:05:46.771] I [OvenMediaEngine:1] Provider | provider.cpp:37   | SrtProvider has been started.
[2025-11-23 16:05:46.771] I [OvenMediaEngine:1] OvenMediaEngine | main.cpp:145  | Trying to create RTMP Provider...
[2025-11-23 16:05:46.772] I [OvenMediaEngine:1] RTMPProvider | rtmp_provider.cpp:151  | RTMPProvider is listening on *:1935
[2025-11-23 16:05:46.772] I [OvenMediaEngine:1] Provider | provider.cpp:37   | RTMPProvider has been started.
[2025-11-23 16:05:46.772] I [OvenMediaEngine:1] OvenMediaEngine | main.cpp:146  | Trying to create OVT Provider...
[2025-11-23 16:05:46.772] I [OvenMediaEngine:1] Provider | provider.cpp:37   | OVTProvider has been started.
[2025-11-23 16:05:46.772] I [OvenMediaEngine:1] OvenMediaEngine | main.cpp:147  | Trying to create RTSPC Provider...
[2025-11-23 16:05:46.773] I [OvenMediaEngine:1] Provider | provider.cpp:37   | RTSPCProvider has been started.
[2025-11-23 16:05:46.773] I [OvenMediaEngine:1] OvenMediaEngine | main.cpp:148  | Trying to create File Provider...
[2025-11-23 16:05:46.773] I [OvenMediaEngine:1] Provider | provider.cpp:37   | FileProvider has been started.
[2025-11-23 16:05:46.773] I [OvenMediaEngine:1] OvenMediaEngine | main.cpp:149  | Trying to create Scheduled Provider...
[2025-11-23 16:05:46.773] I [OvenMediaEngine:1] Provider | provider.cpp:37   | ScheduledProvider has been started.
[2025-11-23 16:05:46.773] I [OvenMediaEngine:1] OvenMediaEngine | main.cpp:150  | Trying to create Multiplex Provider...
[2025-11-23 16:05:46.774] I [OvenMediaEngine:1] Provider | provider.cpp:37   | MultiplexProvider has been started.
[2025-11-23 16:05:46.774] I [OvenMediaEngine:1] OvenMediaEngine | main.cpp:157  | All modules are initialized successfully
[2025-11-23 16:05:46.774] I [OvenMediaEngine:1] Monitor | monitoring.cpp:94   | OvenMediaEngine(788eaae4-a301-431c-a58a-701ea6b5fbbf) ServerMetric has been started for monitoring - 2025-11-23T16:05:46.774+00:00
[2025-11-23 16:05:46.774] I [OvenMediaEngine:1] Monitor | server_metrics.cpp:61   | Create HostMetrics(default/788eaae4-a301-431c-a58a-701ea6b5fbbf/#default#) for monitoring
[2025-11-23 16:05:46.774] I [OvenMediaEngine:1] Orchestrator | orchestrator.cpp:1302 | Trying to create an application: [#default#app]
[2025-11-23 16:05:46.774] I [OvenMediaEngine:1] Monitor | host_metrics.cpp:58   | Create ApplicationMetrics(#default#app/788eaae4-a301-431c-a58a-701ea6b5fbbf/#default#app) for monitoring
[2025-11-23 16:05:46.774] I [OvenMediaEngine:1] MediaRouter | mediarouter_application.cpp:52   | [#default#app(0)] Created Mediarouter application. Worker(1) DelayBufferTime(0)
[2025-11-23 16:05:46.774] I [OvenMediaEngine:1] MediaRouter | mediarouter.cpp:83   | Created Mediarouter. app(#default#app)
[2025-11-23 16:05:46.775] I [OvenMediaEngine:1] Publisher | application.cpp:226  | WebRTC Publisher Application has created [#default#app] application
[2025-11-23 16:05:46.775] I [OvenMediaEngine:1] Publisher | application.cpp:226  | LLHLS Publisher Application has created [#default#app] application
[2025-11-23 16:05:46.775] W [OvenMediaEngine:1] Publisher | publisher.cpp:68   | OVT publisher is disabled in #default#app application, so it was not created
[2025-11-23 16:05:46.775] W [OvenMediaEngine:1] Publisher | publisher.cpp:68   | File publisher is disabled in #default#app application, so it was not created
[2025-11-23 16:05:46.775] W [OvenMediaEngine:1] Publisher | publisher.cpp:68   | Push publisher is disabled in #default#app application, so it was not created
[2025-11-23 16:05:46.775] I [OvenMediaEngine:1] Transcoder | transcoder_application.cpp:34   | Created transcoder application. [#default#app]
[2025-11-23 16:05:46.775] I [OvenMediaEngine:1] Transcoder | transcoder.cpp:97   | Transcoder has created [config][#default#app] application
[2025-11-23 16:05:46.775] W [OvenMediaEngine:1] Provider | provider.cpp:91   | WebRTC provider is disabled in #default#app application, so it was not created
[2025-11-23 16:05:46.775] I [OvenMediaEngine:1] Provider | application.cpp:46   | SrtProvider has created [#default#app] application
[2025-11-23 16:05:46.775] I [OvenMediaEngine:1] Provider | application.cpp:46   | RTMPProvider has created [#default#app] application
[2025-11-23 16:05:46.775] W [OvenMediaEngine:1] Provider | provider.cpp:91   | OVT provider is disabled in #default#app application, so it was not created
[2025-11-23 16:05:46.775] W [OvenMediaEngine:1] Provider | provider.cpp:91   | RTSPPull provider is disabled in #default#app application, so it was not created
[2025-11-23 16:05:46.775] W [OvenMediaEngine:1] Provider | provider.cpp:91   | Scheduled provider is disabled in #default#app application, so it was not created
[2025-11-23 16:05:46.775] W [OvenMediaEngine:1] Provider | provider.cpp:91   | Multiplex provider is disabled in #default#app application, so it was not created
[2025-11-23 16:05:46.777] I [OvenMediaEngine:1] Certificate | certificate.cpp:35   | A certificate has been loaded for VirtualHost [default]:
	Cert file path: origin_conf/./cert.crt
	Chain cert file path: origin_conf/./cert.ca-bundle
	Private key file path: origin_conf/./cert.key
[2025-11-23 16:05:46.777] C [OvenMediaEngine:1] Orchestrator | orchestrator.cpp:142  | Duplicate virtual host [default] found. Please check the settings.
[2025-11-23 16:05:46.777] E [OvenMediaEngine:1] Orchestrator | orchestrator.cpp:119  | Could not create VirtualHost(default)
[2025-11-23 16:05:46.777] I [OvenMediaEngine:1] Monitor | server_metrics.cpp:80   | Delete HostMetrics(default/788eaae4-a301-431c-a58a-701ea6b5fbbf/#default#) for monitoring
[2025-11-23 16:05:46.777] I [OvenMediaEngine:1] Orchestrator | orchestrator.cpp:277  | Trying to delete an application: [#default#app] (0)
[2025-11-23 16:05:46.777] I [OvenMediaEngine:1] MediaRouter | mediarouter_application.cpp:243  | Unregistered observer. app(#default#app) type(3)
[2025-11-23 16:05:46.777] I [OvenMediaEngine:1] MediaRouter | mediarouter_application.cpp:205  | Unregistered connector. app(#default#app) type(0)
[2025-11-23 16:05:46.777] I [OvenMediaEngine:1] Provider | application.cpp:61   | RTMPProvider has deleted [#default#app] application
[2025-11-23 16:05:46.777] I [OvenMediaEngine:1] MediaRouter | mediarouter_application.cpp:205  | Unregistered connector. app(#default#app) type(0)
[2025-11-23 16:05:46.777] I [OvenMediaEngine:1] Provider | application.cpp:61   | SrtProvider has deleted [#default#app] application
[2025-11-23 16:05:46.777] I [OvenMediaEngine:1] MediaRouter | mediarouter_application.cpp:243  | Unregistered observer. app(#default#app) type(1)
[2025-11-23 16:05:46.777] I [OvenMediaEngine:1] MediaRouter | mediarouter_application.cpp:205  | Unregistered connector. app(#default#app) type(1)
[2025-11-23 16:05:46.777] I [OvenMediaEngine:1] Transcoder | transcoder.cpp:133  | Transcoder has deleted [config][#default#app] application
[2025-11-23 16:05:46.777] I [OvenMediaEngine:1] Transcoder | transcoder_application.cpp:39   | Transcoder application has been destroyed. [#default#app]
[2025-11-23 16:05:46.777] I [OvenMediaEngine:1] Publisher | application.cpp:245  | LLHLS Publisher Application has deleted [#default#app] application
[2025-11-23 16:05:46.777] I [OvenMediaEngine:1] MediaRouter | mediarouter_application.cpp:243  | Unregistered observer. app(#default#app) type(0)
[2025-11-23 16:05:46.777] I [OvenMediaEngine:1] Publisher | application.cpp:245  | LLHLS Publisher Application has deleted [#default#app] application
[2025-11-23 16:05:46.777] I [OvenMediaEngine:1] Publisher | application.cpp:245  | LLHLS Publisher Application has deleted [#default#app] application
[2025-11-23 16:05:46.777] I [OvenMediaEngine:1] Publisher | application.cpp:245  | WebRTC Publisher Application has deleted [#default#app] application
[2025-11-23 16:05:46.777] I [OvenMediaEngine:1] MediaRouter | mediarouter_application.cpp:243  | Unregistered observer. app(#default#app) type(0)
[2025-11-23 16:05:46.777] I [OvenMediaEngine:1] Publisher | application.cpp:245  | WebRTC Publisher Application has deleted [#default#app] application
[2025-11-23 16:05:46.777] I [OvenMediaEngine:1] Publisher | application.cpp:245  | WebRTC Publisher Application has deleted [#default#app] application
[2025-11-23 16:05:46.777] I [OvenMediaEngine:1] MediaRouter | mediarouter_application.cpp:73   | [#default#app(0)] Destroyed Mediarouter application. worker(1)
[2025-11-23 16:05:46.777] I [OvenMediaEngine:1] MediaRouter | mediarouter.cpp:101  | Mediarouter has been destroyed. app(#default#app)
[2025-11-23 16:05:46.777] I [OvenMediaEngine:1] OvenMediaEngine | main.cpp:179  | Trying to release WebRTC Provider...
[2025-11-23 16:05:46.870] I [OvenMediaEngine:1] Provider | provider.cpp:61   | WebRTCProvider has been stopped.
[2025-11-23 16:05:46.870] I [OvenMediaEngine:1] OvenMediaEngine | main.cpp:181  | Trying to release SRT Provider...
[2025-11-23 16:05:46.971] I [OvenMediaEngine:1] Provider | provider.cpp:61   | SrtProvider has been stopped.
[2025-11-23 16:05:46.972] I [OvenMediaEngine:1] OvenMediaEngine | main.cpp:182  | Trying to release RTMP Provider...
[2025-11-23 16:05:47.072] I [OvenMediaEngine:1] Provider | provider.cpp:61   | RTMPProvider has been stopped.
[2025-11-23 16:05:47.072] I [OvenMediaEngine:1] OvenMediaEngine | main.cpp:183  | Trying to release OVT Provider...
[2025-11-23 16:05:47.072] I [OvenMediaEngine:1] Provider | provider.cpp:61   | OVTProvider has been stopped.
[2025-11-23 16:05:47.072] I [OvenMediaEngine:1] OvenMediaEngine | main.cpp:184  | Trying to release RTSPC Provider...
[2025-11-23 16:05:47.072] I [OvenMediaEngine:1] Provider | provider.cpp:61   | RTSPCProvider has been stopped.
[2025-11-23 16:05:47.073] I [OvenMediaEngine:1] OvenMediaEngine | main.cpp:185  | Trying to release File Provider...
[2025-11-23 16:05:47.073] I [OvenMediaEngine:1] Provider | provider.cpp:61   | FileProvider has been stopped.
[2025-11-23 16:05:47.073] I [OvenMediaEngine:1] OvenMediaEngine | main.cpp:186  | Trying to release Scheduled Provider...
[2025-11-23 16:05:47.073] I [OvenMediaEngine:1] Provider | provider.cpp:61   | ScheduledProvider has been stopped.
[2025-11-23 16:05:47.073] I [OvenMediaEngine:1] OvenMediaEngine | main.cpp:187  | Trying to release Multiplex Provider...
[2025-11-23 16:05:47.073] I [OvenMediaEngine:1] Provider | provider.cpp:61   | MultiplexProvider has been stopped.
[2025-11-23 16:05:47.073] I [OvenMediaEngine:1] OvenMediaEngine | main.cpp:191  | Trying to release Transcoder...
[2025-11-23 16:05:47.073] I [OvenMediaEngine:1] Transcoder | transcoder_gpu.cpp:94   | Trying to release Transcoder GPU resources
[2025-11-23 16:05:47.073] I [OvenMediaEngine:1] OvenMediaEngine | main.cpp:193  | Trying to release WebRTC Publisher...
[2025-11-23 16:05:47.073] I [OvenMediaEngine:1] Publisher | publisher.cpp:42   | WebRTC Publisher has been stopped.
[2025-11-23 16:05:47.073] I [OvenMediaEngine:1] OvenMediaEngine | main.cpp:194  | Trying to release LLHLS Publisher...
[2025-11-23 16:05:47.073] I [OvenMediaEngine:1] Publisher | publisher.cpp:42   | LLHLS Publisher has been stopped.
[2025-11-23 16:05:47.073] I [OvenMediaEngine:1] OvenMediaEngine | main.cpp:195  | Trying to release OVT Publisher...
[2025-11-23 16:05:47.166] I [OvenMediaEngine:1] Publisher | publisher.cpp:42   | OVTPublisher has been stopped.
[2025-11-23 16:05:47.167] I [OvenMediaEngine:1] OvenMediaEngine | main.cpp:196  | Trying to release File Publisher...
[2025-11-23 16:05:47.167] I [OvenMediaEngine:1] Publisher | publisher.cpp:42   | FilePublisher has been stopped.
[2025-11-23 16:05:47.167] I [OvenMediaEngine:1] OvenMediaEngine | main.cpp:197  | Trying to release Push Publisher...
[2025-11-23 16:05:47.167] I [OvenMediaEngine:1] Publisher | publisher.cpp:42   | PushPublisher has been stopped.
[2025-11-23 16:05:47.167] I [OvenMediaEngine:1] OvenMediaEngine | main.cpp:202  | Trying to release MediaRouter...
[2025-11-23 16:05:47.167] I [OvenMediaEngine:1] MediaRouter | mediarouter.cpp:49   | Mediarouter has been stopped.
[2025-11-23 16:05:47.167] I [OvenMediaEngine:1] OvenMediaEngine | main.cpp:359  | Uninitializing TCP socket pool...
[2025-11-23 16:05:47.167] I [OvenMediaEngine:1] OvenMediaEngine | main.cpp:361  | Uninitializing UDP socket pool...
[2025-11-23 16:05:47.242] I [OvenMediaEngine:1] OvenMediaEngine | main.cpp:364  | OvenMediaEngine will be terminated
[2025-11-23 16:05:47.242] I [OvenMediaEngine:1] Provider | provider.cpp:61   | FileProvider has been stopped.
[2025-11-23 16:05:47.242] I [OvenMediaEngine:1] Provider | provider.cpp:61   | RTSPCProvider has been stopped.
[2025-11-23 16:05:47.243] I [OvenMediaEngine:1] Provider | provider.cpp:61   | OVTProvider has been stopped.
[2025-11-23 16:05:47.243] I [OvenMediaEngine:1] RTMPProvider | rtmp_provider.cpp:72   | Terminated Rtmp Provider module.
[2025-11-23 16:05:47.243] I [OvenMediaEngine:1] SrtProvider | srt_provider.cpp:40   | Terminated SRT Provider module.
